Date,sulfate,nitrate,ID
1/1/2001,NA,NA,2
1/2/2001,NA,NA,2
1/3/2001,NA,NA,2
1/4/2001,NA,NA,2
1/5/2001,NA,NA,2
1/6/2001,NA,NA,2
1/7/2001,NA,NA,2
1/8/2001,NA,NA,2
1/9/2001,NA,NA,2
1/10/2001,NA,NA,2
1/11/2001,NA,NA,2
1/12/2001,NA,NA,2
1/13/2001,NA,NA,2
1/14/2001,NA,NA,2
1/15/2001,NA,NA,2
1/16/2001,NA,NA,2
1/17/2001,NA,NA,2
1/18/2001,NA,NA,2
1/19/2001,2.3,0.699,2
1/20/2001,NA,NA,2
1/21/2001,NA,NA,2
1/22/2001,NA,NA,2
1/23/2001,NA,NA,2
1/24/2001,NA,NA,2
1/25/2001,2.19,4.97,2
1/26/2001,NA,NA,2
1/27/2001,NA,NA,2
1/28/2001,NA,NA,2
1/29/2001,NA,NA,2
1/30/2001,NA,NA,2
1/31/2001,1.2,1.33,2
2/1/2001,NA,NA,2
2/2/2001,NA,NA,2
2/3/2001,2.23,1.91,2
2/4/2001,NA,NA,2
2/5/2001,NA,NA,2
2/6/2001,4.15,1.39,2
2/7/2001,NA,NA,2
2/8/2001,NA,NA,2
2/9/2001,3,0.867,2
2/10/2001,NA,NA,2
2/11/2001,NA,NA,2
2/12/2001,4.04,1.41,2
2/13/2001,NA,NA,2
2/14/2001,NA,NA,2
2/15/2001,4.79,0.582,2
2/16/2001,NA,NA,2
2/17/2001,NA,NA,2
2/18/2001,2.05,3.57,2
2/19/2001,NA,NA,2
2/20/2001,NA,NA,2
2/21/2001,7.93,2.21,2
2/22/2001,NA,NA,2
2/23/2001,NA,NA,2
2/24/2001,7.74,0.735,2
2/25/2001,NA,NA,2
2/26/2001,NA,NA,2
2/27/2001,2.63,1.57,2
2/28/2001,NA,NA,2
3/1/2001,NA,NA,2
3/2/2001,3.8,1.37,2
3/3/2001,NA,NA,2
3/4/2001,NA,NA,2
3/5/2001,3.52,3.85,2
3/6/2001,NA,NA,2
3/7/2001,NA,NA,2
3/8/2001,3.7,1.79,2
3/9/2001,NA,NA,2
3/10/2001,NA,NA,2
3/11/2001,3.9,1.63,2
3/12/2001,NA,NA,2
3/13/2001,NA,NA,2
3/14/2001,2.72,1.18,2
3/15/2001,NA,NA,2
3/16/2001,NA,NA,2
3/17/2001,5.95,0.655,2
3/18/2001,NA,NA,2
3/19/2001,NA,NA,2
3/20/2001,2.11,0.764,2
3/21/2001,NA,NA,2
3/22/2001,NA,NA,2
3/23/2001,6.4,2.81,2
3/24/2001,NA,NA,2
3/25/2001,NA,NA,2
3/26/2001,2.67,2.61,2
3/27/2001,NA,NA,2
3/28/2001,NA,NA,2
3/29/2001,3.92,2.19,2
3/30/2001,NA,NA,2
3/31/2001,NA,NA,2
4/1/2001,2.06,0.881,2
4/2/2001,NA,NA,2
4/3/2001,NA,NA,2
4/4/2001,1.89,1.17,2
4/5/2001,NA,NA,2
4/6/2001,NA,NA,2
4/7/2001,7.56,0.681,2
4/8/2001,NA,NA,2
4/9/2001,NA,NA,2
4/10/2001,6.87,1.12,2
4/11/2001,NA,NA,2
4/12/2001,NA,NA,2
4/13/2001,NA,NA,2
4/14/2001,NA,NA,2
4/15/2001,NA,NA,2
4/16/2001,3,0.596,2
4/17/2001,NA,NA,2
4/18/2001,NA,NA,2
4/19/2001,3.42,1.16,2
4/20/2001,NA,NA,2
4/21/2001,NA,NA,2
4/22/2001,3.76,0.713,2
4/23/2001,NA,NA,2
4/24/2001,NA,NA,2
4/25/2001,3.11,1.57,2
4/26/2001,NA,NA,2
4/27/2001,NA,NA,2
4/28/2001,NA,NA,2
4/29/2001,NA,NA,2
4/30/2001,NA,NA,2
5/1/2001,11.1,1,2
5/2/2001,NA,NA,2
5/3/2001,NA,NA,2
5/4/2001,4.6,0.859,2
5/5/2001,NA,NA,2
5/6/2001,NA,NA,2
5/7/2001,10.3,0.801,2
5/8/2001,NA,NA,2
5/9/2001,NA,NA,2
5/10/2001,4.7,1.23,2
5/11/2001,NA,NA,2
5/12/2001,NA,NA,2
5/13/2001,3.54,0.739,2
5/14/2001,NA,NA,2
5/15/2001,NA,NA,2
5/16/2001,NA,NA,2
5/17/2001,NA,NA,2
5/18/2001,NA,NA,2
5/19/2001,5.29,0.638,2
5/20/2001,NA,NA,2
5/21/2001,NA,NA,2
5/22/2001,1.51,0.505,2
5/23/2001,NA,NA,2
5/24/2001,NA,NA,2
5/25/2001,1.5,0.531,2
5/26/2001,NA,NA,2
5/27/2001,NA,NA,2
5/28/2001,4.38,0.615,2
5/29/2001,NA,NA,2
5/30/2001,NA,NA,2
5/31/2001,3.2,0.866,2
6/1/2001,NA,NA,2
6/2/2001,NA,NA,2
6/3/2001,NA,NA,2
6/4/2001,NA,NA,2
6/5/2001,NA,NA,2
6/6/2001,2.78,0.769,2
6/7/2001,NA,NA,2
6/8/2001,NA,NA,2
6/9/2001,10.7,0.688,2
6/10/2001,NA,NA,2
6/11/2001,NA,NA,2
6/12/2001,NA,NA,2
6/13/2001,NA,NA,2
6/14/2001,NA,NA,2
6/15/2001,3.63,0.725,2
6/16/2001,NA,NA,2
6/17/2001,NA,NA,2
6/18/2001,8.12,0.529,2
6/19/2001,NA,NA,2
6/20/2001,NA,NA,2
6/21/2001,6.83,0.723,2
6/22/2001,NA,NA,2
6/23/2001,NA,NA,2
6/24/2001,6.57,1.02,2
6/25/2001,NA,NA,2
6/26/2001,NA,NA,2
6/27/2001,3.92,0.561,2
6/28/2001,NA,NA,2
6/29/2001,NA,NA,2
6/30/2001,2.89,0.394,2
7/1/2001,NA,NA,2
7/2/2001,NA,NA,2
7/3/2001,3.15,0.661,2
7/4/2001,NA,NA,2
7/5/2001,NA,NA,2
7/6/2001,6.43,1.57,2
7/7/2001,NA,NA,2
7/8/2001,NA,NA,2
7/9/2001,6.04,0.337,2
7/10/2001,NA,NA,2
7/11/2001,NA,NA,2
7/12/2001,12.2,0.466,2
7/13/2001,NA,NA,2
7/14/2001,NA,NA,2
7/15/2001,12.1,0.522,2
7/16/2001,NA,NA,2
7/17/2001,NA,NA,2
7/18/2001,13.4,0.873,2
7/19/2001,NA,NA,2
7/20/2001,NA,NA,2
7/21/2001,10.5,1.29,2
7/22/2001,NA,NA,2
7/23/2001,NA,NA,2
7/24/2001,13.5,0.96,2
7/25/2001,NA,NA,2
7/26/2001,NA,NA,2
7/27/2001,2.67,0.576,2
7/28/2001,NA,NA,2
7/29/2001,NA,NA,2
7/30/2001,4.63,0.421,2
7/31/2001,NA,NA,2
8/1/2001,NA,NA,2
8/2/2001,NA,NA,2
8/3/2001,NA,NA,2
8/4/2001,NA,NA,2
8/5/2001,6.28,0.587,2
8/6/2001,NA,NA,2
8/7/2001,NA,NA,2
8/8/2001,5.85,0.487,2
8/9/2001,NA,NA,2
8/10/2001,NA,NA,2
8/11/2001,3.74,1,2
8/12/2001,NA,NA,2
8/13/2001,NA,NA,2
8/14/2001,8.36,0.979,2
8/15/2001,NA,NA,2
8/16/2001,NA,NA,2
8/17/2001,11.4,0.875,2
8/18/2001,NA,NA,2
8/19/2001,NA,NA,2
8/20/2001,4.41,0.544,2
8/21/2001,NA,NA,2
8/22/2001,NA,NA,2
8/23/2001,9.62,0.911,2
8/24/2001,NA,NA,2
8/25/2001,NA,NA,2
8/26/2001,10.8,0.472,2
8/27/2001,NA,NA,2
8/28/2001,NA,NA,2
8/29/2001,3.29,1.08,2
8/30/2001,NA,NA,2
8/31/2001,NA,NA,2
9/1/2001,3.64,1.35,2
9/2/2001,NA,NA,2
9/3/2001,NA,NA,2
9/4/2001,3.11,0.485,2
9/5/2001,NA,NA,2
9/6/2001,NA,NA,2
9/7/2001,4.36,0.341,2
9/8/2001,NA,NA,2
9/9/2001,NA,NA,2
9/10/2001,4.33,0.34,2
9/11/2001,NA,NA,2
9/12/2001,NA,NA,2
9/13/2001,12.5,1.09,2
9/14/2001,NA,NA,2
9/15/2001,NA,NA,2
9/16/2001,8.55,0.803,2
9/17/2001,NA,NA,2
9/18/2001,NA,NA,2
9/19/2001,6.85,0.365,2
9/20/2001,NA,NA,2
9/21/2001,NA,NA,2
9/22/2001,5.73,0.778,2
9/23/2001,NA,NA,2
9/24/2001,NA,NA,2
9/25/2001,NA,NA,2
9/26/2001,NA,NA,2
9/27/2001,NA,NA,2
9/28/2001,3.52,0.763,2
9/29/2001,NA,NA,2
9/30/2001,NA,NA,2
10/1/2001,4.38,0.829,2
10/2/2001,NA,NA,2
10/3/2001,NA,NA,2
10/4/2001,8.26,1.5,2
10/5/2001,NA,NA,2
10/6/2001,NA,NA,2
10/7/2001,NA,NA,2
10/8/2001,NA,NA,2
10/9/2001,NA,NA,2
10/10/2001,2.06,0.586,2
10/11/2001,NA,NA,2
10/12/2001,NA,NA,2
10/13/2001,1.85,0.617,2
10/14/2001,NA,NA,2
10/15/2001,NA,NA,2
10/16/2001,1.05,0.293,2
10/17/2001,NA,NA,2
10/18/2001,NA,NA,2
10/19/2001,4.3,1.18,2
10/20/2001,NA,NA,2
10/21/2001,NA,NA,2
10/22/2001,NA,NA,2
10/23/2001,NA,NA,2
10/24/2001,NA,NA,2
10/25/2001,NA,NA,2
10/26/2001,NA,NA,2
10/27/2001,NA,NA,2
10/28/2001,2.84,0.755,2
10/29/2001,NA,NA,2
10/30/2001,NA,NA,2
10/31/2001,4.61,1.18,2
11/1/2001,NA,NA,2
11/2/2001,NA,NA,2
11/3/2001,4.52,0.933,2
11/4/2001,NA,NA,2
11/5/2001,NA,NA,2
11/6/2001,4.25,1.05,2
11/7/2001,NA,NA,2
11/8/2001,NA,NA,2
11/9/2001,7.31,3.32,2
11/10/2001,NA,NA,2
11/11/2001,NA,NA,2
11/12/2001,4.71,1.37,2
11/13/2001,NA,NA,2
11/14/2001,NA,NA,2
11/15/2001,4.94,1.26,2
11/16/2001,NA,NA,2
11/17/2001,NA,NA,2
11/18/2001,7.38,1.23,2
11/19/2001,NA,NA,2
11/20/2001,NA,NA,2
11/21/2001,1.9,1.73,2
11/22/2001,NA,NA,2
11/23/2001,NA,NA,2
11/24/2001,NA,NA,2
11/25/2001,NA,NA,2
11/26/2001,NA,NA,2
11/27/2001,NA,NA,2
11/28/2001,NA,NA,2
11/29/2001,NA,NA,2
11/30/2001,NA,NA,2
12/1/2001,NA,NA,2
12/2/2001,NA,NA,2
12/3/2001,NA,NA,2
12/4/2001,NA,NA,2
12/5/2001,NA,NA,2
12/6/2001,NA,NA,2
12/7/2001,NA,NA,2
12/8/2001,NA,NA,2
12/9/2001,5.17,5.18,2
12/10/2001,NA,NA,2
12/11/2001,NA,NA,2
12/12/2001,NA,NA,2
12/13/2001,NA,NA,2
12/14/2001,NA,NA,2
12/15/2001,NA,NA,2
12/16/2001,NA,NA,2
12/17/2001,NA,NA,2
12/18/2001,2.51,0.705,2
12/19/2001,NA,NA,2
12/20/2001,NA,NA,2
12/21/2001,3.17,1.18,2
12/22/2001,NA,NA,2
12/23/2001,NA,NA,2
12/24/2001,0.555,0.528,2
12/25/2001,NA,NA,2
12/26/2001,NA,NA,2
12/27/2001,1.19,1.76,2
12/28/2001,NA,NA,2
12/29/2001,NA,NA,2
12/30/2001,NA,NA,2
12/31/2001,NA,NA,2
1/1/2002,NA,NA,2
1/2/2002,3.65,4.82,2
1/3/2002,NA,NA,2
1/4/2002,NA,NA,2
1/5/2002,NA,NA,2
1/6/2002,NA,NA,2
1/7/2002,NA,NA,2
1/8/2002,NA,NA,2
1/9/2002,NA,NA,2
1/10/2002,NA,NA,2
1/11/2002,NA,NA,2
1/12/2002,NA,NA,2
1/13/2002,NA,NA,2
1/14/2002,1.75,1.15,2
1/15/2002,NA,NA,2
1/16/2002,NA,NA,2
1/17/2002,NA,NA,2
1/18/2002,NA,NA,2
1/19/2002,NA,NA,2
1/20/2002,NA,0.844,2
1/21/2002,NA,NA,2
1/22/2002,NA,NA,2
1/23/2002,3.61,0.574,2
1/24/2002,NA,NA,2
1/25/2002,NA,NA,2
1/26/2002,2.84,1.26,2
1/27/2002,NA,NA,2
1/28/2002,NA,NA,2
1/29/2002,4.22,0.694,2
1/30/2002,NA,NA,2
1/31/2002,NA,NA,2
2/1/2002,NA,NA,2
2/2/2002,NA,NA,2
2/3/2002,NA,NA,2
2/4/2002,1.57,1.99,2
2/5/2002,NA,NA,2
2/6/2002,NA,NA,2
2/7/2002,2.6,0.543,2
2/8/2002,NA,NA,2
2/9/2002,NA,NA,2
2/10/2002,3.28,0.704,2
2/11/2002,NA,NA,2
2/12/2002,NA,NA,2
2/13/2002,1.9,1.51,2
2/14/2002,NA,NA,2
2/15/2002,NA,NA,2
2/16/2002,1.87,1.58,2
2/17/2002,NA,NA,2
2/18/2002,NA,NA,2
2/19/2002,2.72,1.03,2
2/20/2002,NA,NA,2
2/21/2002,NA,NA,2
2/22/2002,4.73,1.7,2
2/23/2002,NA,NA,2
2/24/2002,NA,NA,2
2/25/2002,4.52,0.981,2
2/26/2002,NA,NA,2
2/27/2002,NA,NA,2
2/28/2002,2.54,1.98,2
3/1/2002,NA,NA,2
3/2/2002,NA,NA,2
3/3/2002,1.99,1.48,2
3/4/2002,NA,NA,2
3/5/2002,NA,NA,2
3/6/2002,3.27,2.04,2
3/7/2002,NA,NA,2
3/8/2002,NA,NA,2
3/9/2002,1.87,0.594,2
3/10/2002,NA,NA,2
3/11/2002,NA,NA,2
3/12/2002,3.14,2.3,2
3/13/2002,NA,NA,2
3/14/2002,NA,NA,2
3/15/2002,5.55,0.563,2
3/16/2002,NA,NA,2
3/17/2002,NA,NA,2
3/18/2002,3.04,0.385,2
3/19/2002,NA,NA,2
3/20/2002,NA,NA,2
3/21/2002,5.66,1.44,2
3/22/2002,NA,NA,2
3/23/2002,NA,NA,2
3/24/2002,NA,NA,2
3/25/2002,NA,NA,2
3/26/2002,NA,NA,2
3/27/2002,8.72,0.823,2
3/28/2002,NA,NA,2
3/29/2002,NA,NA,2
3/30/2002,3.33,0.65,2
3/31/2002,NA,NA,2
4/1/2002,NA,NA,2
4/2/2002,3.58,0.869,2
4/3/2002,NA,NA,2
4/4/2002,NA,NA,2
4/5/2002,3.86,3.45,2
4/6/2002,NA,NA,2
4/7/2002,NA,NA,2
4/8/2002,4.99,0.715,2
4/9/2002,NA,NA,2
4/10/2002,NA,NA,2
4/11/2002,3.66,0.584,2
4/12/2002,NA,NA,2
4/13/2002,NA,NA,2
4/14/2002,3.69,0.411,2
4/15/2002,NA,NA,2
4/16/2002,NA,NA,2
4/17/2002,3.98,0.86,2
4/18/2002,NA,NA,2
4/19/2002,NA,NA,2
4/20/2002,6.1,0.761,2
4/21/2002,NA,NA,2
4/22/2002,NA,NA,2
4/23/2002,2.63,0.552,2
4/24/2002,NA,NA,2
4/25/2002,NA,NA,2
4/26/2002,2.23,1.77,2
4/27/2002,NA,NA,2
4/28/2002,NA,NA,2
4/29/2002,2.32,0.563,2
4/30/2002,NA,NA,2
5/1/2002,NA,NA,2
5/2/2002,6.72,1.06,2
5/3/2002,NA,NA,2
5/4/2002,NA,NA,2
5/5/2002,7.3,0.591,2
5/6/2002,NA,NA,2
5/7/2002,NA,NA,2
5/8/2002,6.41,0.729,2
5/9/2002,NA,NA,2
5/10/2002,NA,NA,2
5/11/2002,6.57,1.21,2
5/12/2002,NA,NA,2
5/13/2002,NA,NA,2
5/14/2002,2.74,0.384,2
5/15/2002,NA,NA,2
5/16/2002,NA,NA,2
5/17/2002,4.77,0.526,2
5/18/2002,NA,NA,2
5/19/2002,NA,NA,2
5/20/2002,4.13,0.486,2
5/21/2002,NA,NA,2
5/22/2002,NA,NA,2
5/23/2002,6.88,0.724,2
5/24/2002,NA,NA,2
5/25/2002,NA,NA,2
5/26/2002,4.8,0.924,2
5/27/2002,NA,NA,2
5/28/2002,NA,NA,2
5/29/2002,2.22,0.663,2
5/30/2002,NA,NA,2
5/31/2002,NA,NA,2
6/1/2002,6.33,1.02,2
6/2/2002,NA,NA,2
6/3/2002,NA,NA,2
6/4/2002,11.5,0.76,2
6/5/2002,NA,NA,2
6/6/2002,NA,NA,2
6/7/2002,4.9,0.745,2
6/8/2002,NA,NA,2
6/9/2002,NA,NA,2
6/10/2002,4.07,0.716,2
6/11/2002,NA,NA,2
6/12/2002,NA,NA,2
6/13/2002,6.13,1.13,2
6/14/2002,NA,NA,2
6/15/2002,NA,NA,2
6/16/2002,3.71,0.513,2
6/17/2002,NA,NA,2
6/18/2002,NA,NA,2
6/19/2002,6.29,0.577,2
6/20/2002,NA,NA,2
6/21/2002,NA,NA,2
6/22/2002,5.21,0.522,2
6/23/2002,NA,NA,2
6/24/2002,NA,NA,2
6/25/2002,4.04,0.857,2
6/26/2002,NA,NA,2
6/27/2002,NA,NA,2
6/28/2002,1.78,0.723,2
6/29/2002,NA,NA,2
6/30/2002,NA,NA,2
7/1/2002,8.61,0.771,2
7/2/2002,NA,NA,2
7/3/2002,NA,NA,2
7/4/2002,7.54,1.33,2
7/5/2002,NA,NA,2
7/6/2002,NA,NA,2
7/7/2002,11.2,0.408,2
7/8/2002,NA,NA,2
7/9/2002,NA,NA,2
7/10/2002,NA,0.655,2
7/11/2002,NA,NA,2
7/12/2002,NA,NA,2
7/13/2002,4,0.563,2
7/14/2002,NA,NA,2
7/15/2002,NA,NA,2
7/16/2002,6.52,0.41,2
7/17/2002,NA,NA,2
7/18/2002,NA,NA,2
7/19/2002,3.66,0.654,2
7/20/2002,NA,NA,2
7/21/2002,NA,NA,2
7/22/2002,9.77,0.931,2
7/23/2002,NA,NA,2
7/24/2002,NA,NA,2
7/25/2002,5.28,0.555,2
7/26/2002,NA,NA,2
7/27/2002,NA,NA,2
7/28/2002,3.41,0.326,2
7/29/2002,NA,NA,2
7/30/2002,NA,NA,2
7/31/2002,3.44,1.18,2
8/1/2002,NA,NA,2
8/2/2002,NA,NA,2
8/3/2002,13.7,0.618,2
8/4/2002,NA,NA,2
8/5/2002,NA,NA,2
8/6/2002,10.7,0.262,2
8/7/2002,NA,NA,2
8/8/2002,NA,NA,2
8/9/2002,11.4,1.41,2
8/10/2002,NA,NA,2
8/11/2002,NA,NA,2
8/12/2002,4.08,0.541,2
8/13/2002,NA,NA,2
8/14/2002,NA,NA,2
8/15/2002,5.01,0.494,2
8/16/2002,NA,NA,2
8/17/2002,NA,NA,2
8/18/2002,4.3,0.513,2
8/19/2002,NA,NA,2
8/20/2002,NA,NA,2
8/21/2002,6.34,0.822,2
8/22/2002,NA,NA,2
8/23/2002,NA,NA,2
8/24/2002,4.47,0.247,2
8/25/2002,NA,NA,2
8/26/2002,NA,NA,2
8/27/2002,9.18,0.569,2
8/28/2002,NA,NA,2
8/29/2002,NA,NA,2
8/30/2002,5.89,0.59,2
8/31/2002,NA,NA,2
9/1/2002,NA,NA,2
9/2/2002,5.36,0.668,2
9/3/2002,NA,NA,2
9/4/2002,NA,NA,2
9/5/2002,11,0.704,2
9/6/2002,NA,NA,2
9/7/2002,NA,NA,2
9/8/2002,8.31,0.547,2
9/9/2002,NA,NA,2
9/10/2002,NA,NA,2
9/11/2002,18.5,0.538,2
9/12/2002,NA,NA,2
9/13/2002,NA,NA,2
9/14/2002,NA,NA,2
9/15/2002,NA,NA,2
9/16/2002,NA,NA,2
9/17/2002,9.59,2.65,2
9/18/2002,NA,NA,2
9/19/2002,NA,NA,2
9/20/2002,5.43,0.495,2
9/21/2002,NA,NA,2
9/22/2002,NA,NA,2
9/23/2002,NA,NA,2
9/24/2002,13.6,1.75,2
9/25/2002,NA,NA,2
9/26/2002,NA,NA,2
9/27/2002,NA,NA,2
9/28/2002,NA,NA,2
9/29/2002,8.62,1.05,2
9/30/2002,NA,NA,2
10/1/2002,NA,NA,2
10/2/2002,4.78,0.665,2
10/3/2002,NA,NA,2
10/4/2002,NA,NA,2
10/5/2002,NA,0.568,2
10/6/2002,NA,NA,2
10/7/2002,NA,NA,2
10/8/2002,8.7,1.66,2
10/9/2002,NA,NA,2
10/10/2002,NA,NA,2
10/11/2002,7.41,1.08,2
10/12/2002,NA,NA,2
10/13/2002,NA,NA,2
10/14/2002,5.99,0.843,2
10/15/2002,NA,NA,2
10/16/2002,NA,NA,2
10/17/2002,2.83,1.33,2
10/18/2002,NA,NA,2
10/19/2002,NA,NA,2
10/20/2002,3.52,0.952,2
10/21/2002,NA,NA,2
10/22/2002,NA,NA,2
10/23/2002,11,2.33,2
10/24/2002,NA,NA,2
10/25/2002,NA,NA,2
10/26/2002,4.34,0.888,2
10/27/2002,NA,NA,2
10/28/2002,NA,NA,2
10/29/2002,4.61,0.609,2
10/30/2002,NA,NA,2
10/31/2002,NA,NA,2
11/1/2002,4.68,2.35,2
11/2/2002,NA,NA,2
11/3/2002,NA,NA,2
11/4/2002,2.83,1.62,2
11/5/2002,NA,NA,2
11/6/2002,NA,NA,2
11/7/2002,4.56,1.96,2
11/8/2002,NA,NA,2
11/9/2002,NA,NA,2
11/10/2002,3.73,0.409,2
11/11/2002,NA,NA,2
11/12/2002,NA,NA,2
11/13/2002,4.6,0.925,2
11/14/2002,NA,NA,2
11/15/2002,NA,NA,2
11/16/2002,NA,NA,2
11/17/2002,NA,NA,2
11/18/2002,NA,NA,2
11/19/2002,4.05,1.76,2
11/20/2002,NA,NA,2
11/21/2002,NA,NA,2
11/22/2002,3,1.75,2
11/23/2002,NA,NA,2
11/24/2002,NA,NA,2
11/25/2002,5.15,1.71,2
11/26/2002,NA,NA,2
11/27/2002,NA,NA,2
11/28/2002,3.83,4.98,2
11/29/2002,NA,NA,2
11/30/2002,NA,NA,2
12/1/2002,NA,NA,2
12/2/2002,NA,NA,2
12/3/2002,NA,NA,2
12/4/2002,3.62,2.8,2
12/5/2002,NA,NA,2
12/6/2002,NA,NA,2
12/7/2002,4.14,6.44,2
12/8/2002,NA,NA,2
12/9/2002,NA,NA,2
12/10/2002,NA,NA,2
12/11/2002,NA,NA,2
12/12/2002,NA,NA,2
12/13/2002,1.97,0.648,2
12/14/2002,NA,NA,2
12/15/2002,NA,NA,2
12/16/2002,3.72,1.75,2
12/17/2002,NA,NA,2
12/18/2002,NA,NA,2
12/19/2002,3.68,0.468,2
12/20/2002,NA,NA,2
12/21/2002,NA,NA,2
12/22/2002,NA,NA,2
12/23/2002,NA,NA,2
12/24/2002,NA,NA,2
12/25/2002,1.65,0.779,2
12/26/2002,NA,NA,2
12/27/2002,NA,NA,2
12/28/2002,NA,NA,2
12/29/2002,NA,NA,2
12/30/2002,NA,NA,2
12/31/2002,2.18,0.47,2
1/1/2003,NA,NA,2
1/2/2003,NA,NA,2
1/3/2003,4.33,1.02,2
1/4/2003,NA,NA,2
1/5/2003,NA,NA,2
1/6/2003,NA,NA,2
1/7/2003,NA,NA,2
1/8/2003,NA,NA,2
1/9/2003,3.79,1.97,2
1/10/2003,NA,NA,2
1/11/2003,NA,NA,2
1/12/2003,0.844,1.74,2
1/13/2003,NA,NA,2
1/14/2003,NA,NA,2
1/15/2003,1.65,4.4,2
1/16/2003,NA,NA,2
1/17/2003,NA,NA,2
1/18/2003,0.917,3.23,2
1/19/2003,NA,NA,2
1/20/2003,NA,NA,2
1/21/2003,3.2,2.31,2
1/22/2003,NA,NA,2
1/23/2003,NA,NA,2
1/24/2003,1.61,4.57,2
1/25/2003,NA,NA,2
1/26/2003,NA,NA,2
1/27/2003,2.6,3.67,2
1/28/2003,NA,NA,2
1/29/2003,NA,NA,2
1/30/2003,6.48,3.32,2
1/31/2003,NA,NA,2
2/1/2003,NA,NA,2
2/2/2003,4.55,1.6,2
2/3/2003,NA,NA,2
2/4/2003,NA,NA,2
2/5/2003,1.07,1.07,2
2/6/2003,NA,NA,2
2/7/2003,NA,NA,2
2/8/2003,NA,NA,2
2/9/2003,NA,NA,2
2/10/2003,NA,NA,2
2/11/2003,3.21,1.64,2
2/12/2003,NA,NA,2
2/13/2003,NA,NA,2
2/14/2003,2.64,1.51,2
2/15/2003,NA,NA,2
2/16/2003,NA,NA,2
2/17/2003,5.66,0.94,2
2/18/2003,NA,NA,2
2/19/2003,NA,NA,2
2/20/2003,5.4,1.94,2
2/21/2003,NA,NA,2
2/22/2003,NA,NA,2
2/23/2003,4.5,1.48,2
2/24/2003,NA,NA,2
2/25/2003,NA,NA,2
2/26/2003,6.08,4.17,2
2/27/2003,NA,NA,2
2/28/2003,NA,NA,2
3/1/2003,NA,NA,2
3/2/2003,NA,NA,2
3/3/2003,NA,NA,2
3/4/2003,3.49,0.946,2
3/5/2003,NA,NA,2
3/6/2003,NA,NA,2
3/7/2003,6.58,3.98,2
3/8/2003,NA,NA,2
3/9/2003,NA,NA,2
3/10/2003,3.06,3.56,2
3/11/2003,NA,NA,2
3/12/2003,NA,NA,2
3/13/2003,3.82,1.09,2
3/14/2003,NA,NA,2
3/15/2003,NA,NA,2
3/16/2003,7.54,0.843,2
3/17/2003,NA,NA,2
3/18/2003,NA,NA,2
3/19/2003,2.69,0.369,2
3/20/2003,NA,NA,2
3/21/2003,NA,NA,2
3/22/2003,3.75,2.01,2
3/23/2003,NA,NA,2
3/24/2003,4.21,0.789,2
3/25/2003,NA,NA,2
3/26/2003,NA,NA,2
3/27/2003,NA,NA,2
3/28/2003,3.31,0.517,2
3/29/2003,NA,NA,2
3/30/2003,NA,NA,2
3/31/2003,2.46,1.31,2
4/1/2003,NA,NA,2
4/2/2003,NA,NA,2
4/3/2003,5.6,0.827,2
4/4/2003,NA,NA,2
4/5/2003,NA,NA,2
4/6/2003,NA,0.582,2
4/7/2003,NA,NA,2
4/8/2003,NA,NA,2
4/9/2003,5.58,1.92,2
4/10/2003,NA,NA,2
4/11/2003,NA,NA,2
4/12/2003,4.71,1.58,2
4/13/2003,NA,NA,2
4/14/2003,NA,NA,2
4/15/2003,7.56,1.23,2
4/16/2003,NA,NA,2
4/17/2003,NA,NA,2
4/18/2003,2.89,0.988,2
4/19/2003,NA,NA,2
4/20/2003,NA,NA,2
4/21/2003,3.49,0.554,2
4/22/2003,NA,NA,2
4/23/2003,NA,NA,2
4/24/2003,3.81,0.914,2
4/25/2003,NA,NA,2
4/26/2003,NA,NA,2
4/27/2003,9.78,1.35,2
4/28/2003,NA,NA,2
4/29/2003,NA,NA,2
4/30/2003,8.81,0.908,2
5/1/2003,NA,NA,2
5/2/2003,NA,NA,2
5/3/2003,5.23,1.51,2
5/4/2003,NA,NA,2
5/5/2003,NA,NA,2
5/6/2003,4.27,0.918,2
5/7/2003,NA,NA,2
5/8/2003,NA,NA,2
5/9/2003,5.95,0.398,2
5/10/2003,NA,NA,2
5/11/2003,NA,NA,2
5/12/2003,1.03,0.25,2
5/13/2003,NA,NA,2
5/14/2003,NA,NA,2
5/15/2003,4.07,1.15,2
5/16/2003,NA,NA,2
5/17/2003,NA,NA,2
5/18/2003,1.71,0.37,2
5/19/2003,NA,NA,2
5/20/2003,NA,NA,2
5/21/2003,5.38,1.15,2
5/22/2003,NA,NA,2
5/23/2003,NA,NA,2
5/24/2003,12.7,1.31,2
5/25/2003,NA,NA,2
5/26/2003,NA,NA,2
5/27/2003,6.54,1,2
5/28/2003,NA,NA,2
5/29/2003,NA,NA,2
5/30/2003,2.5,0.529,2
5/31/2003,NA,NA,2
6/1/2003,NA,NA,2
6/2/2003,5.19,0.686,2
6/3/2003,NA,NA,2
6/4/2003,NA,NA,2
6/5/2003,6.96,0.75,2
6/6/2003,NA,NA,2
6/7/2003,NA,NA,2
6/8/2003,7.12,0.421,2
6/9/2003,NA,NA,2
6/10/2003,NA,NA,2
6/11/2003,3.94,0.478,2
6/12/2003,NA,NA,2
6/13/2003,NA,NA,2
6/14/2003,1.97,0.308,2
6/15/2003,NA,NA,2
6/16/2003,NA,NA,2
6/17/2003,5.04,0.467,2
6/18/2003,NA,NA,2
6/19/2003,NA,NA,2
6/20/2003,6.59,0.757,2
6/21/2003,NA,NA,2
6/22/2003,NA,NA,2
6/23/2003,8.62,0.702,2
6/24/2003,NA,NA,2
6/25/2003,NA,NA,2
6/26/2003,9.13,0.812,2
6/27/2003,NA,NA,2
6/28/2003,NA,NA,2
6/29/2003,5.12,0.42,2
6/30/2003,NA,NA,2
7/1/2003,NA,NA,2
7/2/2003,2.31,0.241,2
7/3/2003,NA,NA,2
7/4/2003,NA,NA,2
7/5/2003,2.99,0.442,2
7/6/2003,NA,NA,2
7/7/2003,NA,NA,2
7/8/2003,3,0.709,2
7/9/2003,NA,NA,2
7/10/2003,NA,NA,2
7/11/2003,3.71,0.465,2
7/12/2003,NA,NA,2
7/13/2003,NA,NA,2
7/14/2003,2.55,0.278,2
7/15/2003,NA,NA,2
7/16/2003,NA,NA,2
7/17/2003,5.01,0.463,2
7/18/2003,NA,NA,2
7/19/2003,NA,NA,2
7/20/2003,2.58,0.358,2
7/21/2003,NA,NA,2
7/22/2003,NA,NA,2
7/23/2003,4.33,0.468,2
7/24/2003,NA,NA,2
7/25/2003,NA,NA,2
7/26/2003,8.36,0.497,2
7/27/2003,NA,NA,2
7/28/2003,NA,NA,2
7/29/2003,3.57,0.551,2
7/30/2003,NA,NA,2
7/31/2003,NA,NA,2
8/1/2003,5.55,0.512,2
8/2/2003,NA,NA,2
8/3/2003,NA,NA,2
8/4/2003,3.94,0.655,2
8/5/2003,NA,NA,2
8/6/2003,NA,NA,2
8/7/2003,7.65,0.418,2
8/8/2003,NA,NA,2
8/9/2003,NA,NA,2
8/10/2003,10.8,0.421,2
8/11/2003,NA,NA,2
8/12/2003,NA,NA,2
8/13/2003,1.66,0.267,2
8/14/2003,NA,NA,2
8/15/2003,NA,NA,2
8/16/2003,8.49,0.862,2
8/17/2003,NA,NA,2
8/18/2003,NA,NA,2
8/19/2003,9.46,0.815,2
8/20/2003,NA,NA,2
8/21/2003,NA,NA,2
8/22/2003,4.27,0.505,2
8/23/2003,NA,NA,2
8/24/2003,NA,NA,2
8/25/2003,16.8,0.566,2
8/26/2003,NA,NA,2
8/27/2003,NA,NA,2
8/28/2003,6.22,1.09,2
8/29/2003,NA,NA,2
8/30/2003,NA,NA,2
8/31/2003,2.19,0.253,2
9/1/2003,NA,NA,2
9/2/2003,NA,NA,2
9/3/2003,3.98,0.384,2
9/4/2003,NA,NA,2
9/5/2003,NA,NA,2
9/6/2003,11.2,0.465,2
9/7/2003,NA,NA,2
9/8/2003,NA,NA,2
9/9/2003,13.9,0.763,2
9/10/2003,NA,NA,2
9/11/2003,NA,NA,2
9/12/2003,7.74,0.839,2
9/13/2003,NA,NA,2
9/14/2003,NA,NA,2
9/15/2003,2.5,0.29,2
9/16/2003,NA,NA,2
9/17/2003,NA,NA,2
9/18/2003,11.3,0.911,2
9/19/2003,NA,NA,2
9/20/2003,NA,NA,2
9/21/2003,6.12,0.501,2
9/22/2003,NA,NA,2
9/23/2003,NA,NA,2
9/24/2003,6.98,0.619,2
9/25/2003,NA,NA,2
9/26/2003,NA,NA,2
9/27/2003,2.98,0.339,2
9/28/2003,NA,NA,2
9/29/2003,NA,NA,2
9/30/2003,3.78,0.518,2
10/1/2003,NA,NA,2
10/2/2003,NA,NA,2
10/3/2003,4.61,0.759,2
10/4/2003,NA,NA,2
10/5/2003,NA,NA,2
10/6/2003,5.96,2.57,2
10/7/2003,NA,NA,2
10/8/2003,NA,NA,2
10/9/2003,8.24,1.48,2
10/10/2003,NA,NA,2
10/11/2003,NA,NA,2
10/12/2003,4.07,0.466,2
10/13/2003,NA,NA,2
10/14/2003,NA,NA,2
10/15/2003,1.48,0.371,2
10/16/2003,NA,NA,2
10/17/2003,NA,NA,2
10/18/2003,4.15,2.48,2
10/19/2003,NA,NA,2
10/20/2003,NA,NA,2
10/21/2003,4.31,0.75,2
10/22/2003,NA,NA,2
10/23/2003,NA,NA,2
10/24/2003,4.73,0.827,2
10/25/2003,NA,NA,2
10/26/2003,NA,NA,2
10/27/2003,2.74,0.921,2
10/28/2003,NA,NA,2
10/29/2003,NA,NA,2
10/30/2003,2.56,0.814,2
10/31/2003,NA,NA,2
11/1/2003,NA,NA,2
11/2/2003,6.08,1.13,2
11/3/2003,NA,NA,2
11/4/2003,NA,NA,2
11/5/2003,3.17,0.524,2
11/6/2003,NA,NA,2
11/7/2003,NA,NA,2
11/8/2003,3.22,1.16,2
11/9/2003,NA,NA,2
11/10/2003,NA,NA,2
11/11/2003,1.87,0.529,2
11/12/2003,NA,NA,2
11/13/2003,NA,NA,2
11/14/2003,1.54,1.48,2
11/15/2003,NA,NA,2
11/16/2003,NA,NA,2
11/17/2003,4.35,0.987,2
11/18/2003,NA,NA,2
11/19/2003,NA,NA,2
11/20/2003,1.61,0.65,2
11/21/2003,NA,NA,2
11/22/2003,NA,NA,2
11/23/2003,3.37,0.529,2
11/24/2003,NA,NA,2
11/25/2003,NA,NA,2
11/26/2003,1.96,0.719,2
11/27/2003,NA,NA,2
11/28/2003,NA,NA,2
11/29/2003,1.29,1.25,2
11/30/2003,NA,NA,2
12/1/2003,NA,NA,2
12/2/2003,1.98,0.68,2
12/3/2003,NA,NA,2
12/4/2003,NA,NA,2
12/5/2003,2.9,0.799,2
12/6/2003,NA,NA,2
12/7/2003,NA,NA,2
12/8/2003,5.07,1.09,2
12/9/2003,NA,NA,2
12/10/2003,NA,NA,2
12/11/2003,2.92,0.698,2
12/12/2003,NA,NA,2
12/13/2003,NA,NA,2
12/14/2003,3.07,0.844,2
12/15/2003,NA,NA,2
12/16/2003,NA,NA,2
12/17/2003,1.69,0.977,2
12/18/2003,NA,NA,2
12/19/2003,NA,NA,2
12/20/2003,1.44,1.7,2
12/21/2003,NA,NA,2
12/22/2003,NA,NA,2
12/23/2003,1.87,0.619,2
12/24/2003,NA,NA,2
12/25/2003,NA,NA,2
12/26/2003,3.47,1.59,2
12/27/2003,NA,NA,2
12/28/2003,NA,NA,2
12/29/2003,1.84,0.508,2
12/30/2003,NA,NA,2
12/31/2003,NA,NA,2
1/1/2004,NA,NA,2
1/2/2004,NA,NA,2
1/3/2004,NA,NA,2
1/4/2004,3.56,0.399,2
1/5/2004,NA,NA,2
1/6/2004,NA,NA,2
1/7/2004,1.34,2.27,2
1/8/2004,NA,NA,2
1/9/2004,NA,NA,2
1/10/2004,6.29,2.71,2
1/11/2004,NA,NA,2
1/12/2004,NA,NA,2
1/13/2004,3.97,1.82,2
1/14/2004,NA,NA,2
1/15/2004,NA,NA,2
1/16/2004,NA,2.14,2
1/17/2004,NA,NA,2
1/18/2004,NA,NA,2
1/19/2004,4.7,3.75,2
1/20/2004,NA,NA,2
1/21/2004,NA,NA,2
1/22/2004,2.28,2.45,2
1/23/2004,NA,NA,2
1/24/2004,NA,NA,2
1/25/2004,2.71,0.502,2
1/26/2004,NA,NA,2
1/27/2004,NA,NA,2
1/28/2004,2.14,2.28,2
1/29/2004,NA,NA,2
1/30/2004,NA,NA,2
1/31/2004,3,4.54,2
2/1/2004,NA,NA,2
2/2/2004,NA,NA,2
2/3/2004,4.94,1.6,2
2/4/2004,NA,NA,2
2/5/2004,NA,NA,2
2/6/2004,2.16,0.487,2
2/7/2004,NA,NA,2
2/8/2004,NA,NA,2
2/9/2004,3.27,0.488,2
2/10/2004,NA,NA,2
2/11/2004,NA,NA,2
2/12/2004,2.34,2.41,2
2/13/2004,NA,NA,2
2/14/2004,NA,NA,2
2/15/2004,2.56,2.87,2
2/16/2004,NA,NA,2
2/17/2004,NA,NA,2
2/18/2004,NA,NA,2
2/19/2004,NA,NA,2
2/20/2004,NA,NA,2
2/21/2004,3.88,4.35,2
2/22/2004,NA,NA,2
2/23/2004,NA,NA,2
2/24/2004,6.38,4.72,2
2/25/2004,NA,NA,2
2/26/2004,NA,NA,2
2/27/2004,3.82,2.73,2
2/28/2004,NA,NA,2
2/29/2004,NA,NA,2
3/1/2004,1.61,0.82,2
3/2/2004,NA,NA,2
3/3/2004,NA,NA,2
3/4/2004,1.95,0.719,2
3/5/2004,NA,NA,2
3/6/2004,NA,NA,2
3/7/2004,1.18,0.395,2
3/8/2004,NA,NA,2
3/9/2004,NA,NA,2
3/10/2004,4.6,2.51,2
3/11/2004,NA,NA,2
3/12/2004,NA,NA,2
3/13/2004,2.32,1.27,2
3/14/2004,NA,NA,2
3/15/2004,NA,NA,2
3/16/2004,3.69,0.737,2
3/17/2004,NA,NA,2
3/18/2004,NA,NA,2
3/19/2004,4.52,0.936,2
3/20/2004,NA,NA,2
3/21/2004,NA,NA,2
3/22/2004,2.64,1.89,2
3/23/2004,NA,NA,2
3/24/2004,NA,NA,2
3/25/2004,3.02,0.536,2
3/26/2004,NA,NA,2
3/27/2004,NA,NA,2
3/28/2004,1.82,0.759,2
3/29/2004,NA,NA,2
3/30/2004,NA,NA,2
3/31/2004,2.84,1.17,2
4/1/2004,NA,NA,2
4/2/2004,NA,NA,2
4/3/2004,2.67,1.03,2
4/4/2004,NA,NA,2
4/5/2004,NA,NA,2
4/6/2004,3.25,0.889,2
4/7/2004,NA,NA,2
4/8/2004,NA,NA,2
4/9/2004,0.0717,0.0584,2
4/10/2004,NA,NA,2
4/11/2004,NA,NA,2
4/12/2004,3.78,1.29,2
4/13/2004,NA,NA,2
4/14/2004,NA,NA,2
4/15/2004,4.06,1.32,2
4/16/2004,NA,NA,2
4/17/2004,NA,NA,2
4/18/2004,5.31,0.577,2
4/19/2004,NA,NA,2
4/20/2004,NA,NA,2
4/21/2004,3.62,0.567,2
4/22/2004,NA,NA,2
4/23/2004,NA,NA,2
4/24/2004,3.45,0.66,2
4/25/2004,NA,NA,2
4/26/2004,NA,NA,2
4/27/2004,2.3,0.548,2
4/28/2004,NA,NA,2
4/29/2004,NA,NA,2
4/30/2004,3.76,0.687,2
5/1/2004,NA,NA,2
5/2/2004,NA,NA,2
5/3/2004,4.17,0.513,2
5/4/2004,NA,NA,2
5/5/2004,NA,NA,2
5/6/2004,4.78,0.924,2
5/7/2004,NA,NA,2
5/8/2004,NA,NA,2
5/9/2004,6.76,0.677,2
5/10/2004,NA,NA,2
5/11/2004,NA,NA,2
5/12/2004,5,0.839,2
5/13/2004,NA,NA,2
5/14/2004,NA,NA,2
5/15/2004,3.77,0.75,2
5/16/2004,NA,NA,2
5/17/2004,NA,NA,2
5/18/2004,2.62,0.561,2
5/19/2004,NA,NA,2
5/20/2004,NA,NA,2
5/21/2004,6.33,0.775,2
5/22/2004,NA,NA,2
5/23/2004,NA,NA,2
5/24/2004,4.73,0.566,2
5/25/2004,NA,NA,2
5/26/2004,NA,NA,2
5/27/2004,4.36,0.557,2
5/28/2004,NA,NA,2
5/29/2004,NA,NA,2
5/30/2004,4.48,0.6,2
5/31/2004,NA,NA,2
6/1/2004,NA,NA,2
6/2/2004,3.71,1.12,2
6/3/2004,NA,NA,2
6/4/2004,NA,NA,2
6/5/2004,12.1,0.935,2
6/6/2004,NA,NA,2
6/7/2004,NA,NA,2
6/8/2004,7.29,1.03,2
6/9/2004,NA,NA,2
6/10/2004,NA,NA,2
6/11/2004,7.55,0.647,2
6/12/2004,NA,NA,2
6/13/2004,NA,NA,2
6/14/2004,4.7,0.35,2
6/15/2004,NA,NA,2
6/16/2004,NA,NA,2
6/17/2004,2.84,0.476,2
6/18/2004,NA,NA,2
6/19/2004,NA,NA,2
6/20/2004,9.05,0.462,2
6/21/2004,NA,NA,2
6/22/2004,NA,NA,2
6/23/2004,2.06,0.54,2
6/24/2004,NA,NA,2
6/25/2004,NA,NA,2
6/26/2004,1.95,0.398,2
6/27/2004,NA,NA,2
6/28/2004,NA,NA,2
6/29/2004,3.37,0.723,2
6/30/2004,NA,NA,2
7/1/2004,NA,NA,2
7/2/2004,3.51,0.317,2
7/3/2004,NA,NA,2
7/4/2004,NA,NA,2
7/5/2004,4.79,0.936,2
7/6/2004,NA,NA,2
7/7/2004,NA,NA,2
7/8/2004,3.83,0.37,2
7/9/2004,NA,NA,2
7/10/2004,NA,NA,2
7/11/2004,4.21,0.409,2
7/12/2004,NA,NA,2
7/13/2004,NA,NA,2
7/14/2004,3.66,0.341,2
7/15/2004,NA,NA,2
7/16/2004,NA,NA,2
7/17/2004,3.65,0.628,2
7/18/2004,NA,NA,2
7/19/2004,NA,NA,2
7/20/2004,13.7,0.549,2
7/21/2004,NA,NA,2
7/22/2004,NA,NA,2
7/23/2004,7.6,0.569,2
7/24/2004,NA,NA,2
7/25/2004,NA,NA,2
7/26/2004,4.09,0.448,2
7/27/2004,NA,NA,2
7/28/2004,NA,NA,2
7/29/2004,10.3,0.499,2
7/30/2004,NA,NA,2
7/31/2004,NA,NA,2
8/1/2004,5.46,0.331,2
8/2/2004,NA,NA,2
8/3/2004,NA,NA,2
8/4/2004,13.9,0.51,2
8/5/2004,NA,NA,2
8/6/2004,NA,NA,2
8/7/2004,7.14,0.264,2
8/8/2004,NA,NA,2
8/9/2004,NA,NA,2
8/10/2004,3.54,0.488,2
8/11/2004,NA,NA,2
8/12/2004,NA,NA,2
8/13/2004,5.32,0.274,2
8/14/2004,NA,NA,2
8/15/2004,NA,NA,2
8/16/2004,13.3,0.284,2
8/17/2004,NA,NA,2
8/18/2004,NA,NA,2
8/19/2004,11.1,0.628,2
8/20/2004,NA,NA,2
8/21/2004,NA,NA,2
8/22/2004,2.1,0.282,2
8/23/2004,NA,NA,2
8/24/2004,NA,NA,2
8/25/2004,5.03,0.445,2
8/26/2004,NA,NA,2
8/27/2004,NA,NA,2
8/28/2004,12.4,0.751,2
8/29/2004,NA,NA,2
8/30/2004,NA,NA,2
8/31/2004,NA,NA,2
9/1/2004,NA,NA,2
9/2/2004,NA,NA,2
9/3/2004,6.16,0.673,2
9/4/2004,NA,NA,2
9/5/2004,NA,NA,2
9/6/2004,5.39,0.152,2
9/7/2004,NA,NA,2
9/8/2004,NA,NA,2
9/9/2004,5.31,0.379,2
9/10/2004,NA,NA,2
9/11/2004,NA,NA,2
9/12/2004,5.52,0.193,2
9/13/2004,NA,NA,2
9/14/2004,NA,NA,2
9/15/2004,5.32,0.407,2
9/16/2004,NA,NA,2
9/17/2004,NA,NA,2
9/18/2004,4.26,0.536,2
9/19/2004,NA,NA,2
9/20/2004,NA,NA,2
9/21/2004,3.03,0.777,2
9/22/2004,NA,NA,2
9/23/2004,NA,NA,2
9/24/2004,10.3,1.03,2
9/25/2004,NA,NA,2
9/26/2004,NA,NA,2
9/27/2004,8.89,0.455,2
9/28/2004,NA,NA,2
9/29/2004,NA,NA,2
9/30/2004,5.05,0.798,2
10/1/2004,NA,NA,2
10/2/2004,NA,NA,2
10/3/2004,6.33,1.06,2
10/4/2004,NA,NA,2
10/5/2004,NA,NA,2
10/6/2004,NA,NA,2
10/7/2004,NA,NA,2
10/8/2004,NA,NA,2
10/9/2004,4.79,0.961,2
10/10/2004,NA,NA,2
10/11/2004,NA,NA,2
10/12/2004,2.68,0.367,2
10/13/2004,NA,NA,2
10/14/2004,NA,NA,2
10/15/2004,1.14,0.304,2
10/16/2004,NA,NA,2
10/17/2004,NA,NA,2
10/18/2004,2.66,0.405,2
10/19/2004,NA,NA,2
10/20/2004,NA,NA,2
10/21/2004,11.2,1.74,2
10/22/2004,NA,NA,2
10/23/2004,NA,NA,2
10/24/2004,3.07,0.436,2
10/25/2004,NA,NA,2
10/26/2004,NA,NA,2
10/27/2004,8.2,1.55,2
10/28/2004,NA,NA,2
10/29/2004,NA,NA,2
10/30/2004,8.96,0.614,2
10/31/2004,NA,NA,2
11/1/2004,NA,NA,2
11/2/2004,2.53,0.618,2
11/3/2004,NA,NA,2
11/4/2004,NA,NA,2
11/5/2004,2.22,0.789,2
11/6/2004,NA,NA,2
11/7/2004,NA,NA,2
11/8/2004,1.51,0.395,2
11/9/2004,NA,NA,2
11/10/2004,NA,NA,2
11/11/2004,2.8,0.67,2
11/12/2004,NA,NA,2
11/13/2004,NA,NA,2
11/14/2004,1.49,0.258,2
11/15/2004,NA,NA,2
11/16/2004,NA,NA,2
11/17/2004,4.84,1.64,2
11/18/2004,NA,NA,2
11/19/2004,NA,NA,2
11/20/2004,3.23,1.29,2
11/21/2004,NA,NA,2
11/22/2004,NA,NA,2
11/23/2004,3.19,0.629,2
11/24/2004,NA,NA,2
11/25/2004,NA,NA,2
11/26/2004,2.02,0.698,2
11/27/2004,NA,NA,2
11/28/2004,NA,NA,2
11/29/2004,1.73,0.51,2
11/30/2004,NA,NA,2
12/1/2004,NA,NA,2
12/2/2004,3.64,1.62,2
12/3/2004,NA,NA,2
12/4/2004,NA,NA,2
12/5/2004,3.09,1.12,2
12/6/2004,NA,NA,2
12/7/2004,NA,NA,2
12/8/2004,1.82,0.753,2
12/9/2004,NA,NA,2
12/10/2004,NA,NA,2
12/11/2004,2.31,0.635,2
12/12/2004,NA,NA,2
12/13/2004,NA,NA,2
12/14/2004,2.33,1.92,2
12/15/2004,NA,NA,2
12/16/2004,NA,NA,2
12/17/2004,2.3,1.68,2
12/18/2004,NA,NA,2
12/19/2004,NA,NA,2
12/20/2004,1.65,1.85,2
12/21/2004,NA,NA,2
12/22/2004,NA,NA,2
12/23/2004,2.32,1.13,2
12/24/2004,NA,NA,2
12/25/2004,NA,NA,2
12/26/2004,1.62,2.28,2
12/27/2004,NA,NA,2
12/28/2004,NA,NA,2
12/29/2004,3.04,1.34,2
12/30/2004,NA,NA,2
12/31/2004,NA,NA,2
1/1/2005,2.15,0.682,2
1/2/2005,NA,NA,2
1/3/2005,NA,NA,2
1/4/2005,3.25,0.82,2
1/5/2005,NA,NA,2
1/6/2005,NA,NA,2
1/7/2005,NA,NA,2
1/8/2005,NA,NA,2
1/9/2005,NA,NA,2
1/10/2005,5.33,2.25,2
1/11/2005,NA,NA,2
1/12/2005,NA,NA,2
1/13/2005,1.14,0.766,2
1/14/2005,NA,NA,2
1/15/2005,NA,NA,2
1/16/2005,3.62,4.09,2
1/17/2005,NA,NA,2
1/18/2005,NA,NA,2
1/19/2005,1.73,2.24,2
1/20/2005,NA,NA,2
1/21/2005,NA,NA,2
1/22/2005,4.16,2.43,2
1/23/2005,NA,NA,2
1/24/2005,NA,NA,2
1/25/2005,2.51,2.21,2
1/26/2005,NA,NA,2
1/27/2005,NA,NA,2
1/28/2005,2.52,1.71,2
1/29/2005,NA,NA,2
1/30/2005,NA,NA,2
1/31/2005,5.42,2.27,2
2/1/2005,NA,NA,2
2/2/2005,NA,NA,2
2/3/2005,3.53,1.57,2
2/4/2005,NA,NA,2
2/5/2005,NA,NA,2
2/6/2005,3.97,0.836,2
2/7/2005,NA,NA,2
2/8/2005,NA,NA,2
2/9/2005,1.81,1.14,2
2/10/2005,NA,NA,2
2/11/2005,NA,NA,2
2/12/2005,1.87,1.3,2
2/13/2005,NA,NA,2
2/14/2005,NA,NA,2
2/15/2005,3.61,0.895,2
2/16/2005,NA,NA,2
2/17/2005,NA,NA,2
2/18/2005,1.45,1.45,2
2/19/2005,NA,NA,2
2/20/2005,NA,NA,2
2/21/2005,6.07,0.678,2
2/22/2005,NA,NA,2
2/23/2005,NA,NA,2
2/24/2005,6.89,3.53,2
2/25/2005,NA,NA,2
2/26/2005,NA,NA,2
2/27/2005,5.02,1.16,2
2/28/2005,NA,NA,2
3/1/2005,NA,NA,2
3/2/2005,1.83,1.18,2
3/3/2005,NA,NA,2
3/4/2005,NA,NA,2
3/5/2005,2.03,0.765,2
3/6/2005,NA,NA,2
3/7/2005,NA,NA,2
3/8/2005,2.41,0.887,2
3/9/2005,NA,NA,2
3/10/2005,NA,NA,2
3/11/2005,1.4,0.59,2
3/12/2005,NA,NA,2
3/13/2005,NA,NA,2
3/14/2005,2.77,3.05,2
3/15/2005,NA,NA,2
3/16/2005,NA,NA,2
3/17/2005,4.53,1.65,2
3/18/2005,NA,NA,2
3/19/2005,NA,NA,2
3/20/2005,6.17,1.23,2
3/21/2005,NA,NA,2
3/22/2005,NA,NA,2
3/23/2005,1.54,0.527,2
3/24/2005,NA,NA,2
3/25/2005,NA,NA,2
3/26/2005,6.03,1.18,2
3/27/2005,NA,NA,2
3/28/2005,NA,NA,2
3/29/2005,3.25,1.45,2
3/30/2005,NA,NA,2
3/31/2005,NA,NA,2
4/1/2005,1.03,0.262,2
4/2/2005,NA,NA,2
4/3/2005,NA,NA,2
4/4/2005,2.65,0.714,2
4/5/2005,NA,NA,2
4/6/2005,NA,NA,2
4/7/2005,1.93,0.424,2
4/8/2005,NA,NA,2
4/9/2005,NA,NA,2
4/10/2005,4.47,0.317,2
4/11/2005,NA,NA,2
4/12/2005,NA,NA,2
4/13/2005,2.14,0.413,2
4/14/2005,NA,NA,2
4/15/2005,NA,NA,2
4/16/2005,5.14,0.747,2
4/17/2005,NA,NA,2
4/18/2005,NA,NA,2
4/19/2005,7.49,1.24,2
4/20/2005,NA,NA,2
4/21/2005,NA,NA,2
4/22/2005,3.54,0.896,2
4/23/2005,NA,NA,2
4/24/2005,NA,NA,2
4/25/2005,1.25,0.603,2
4/26/2005,NA,NA,2
4/27/2005,NA,NA,2
4/28/2005,3.05,0.56,2
4/29/2005,NA,NA,2
4/30/2005,NA,NA,2
5/1/2005,4.89,1.2,2
5/2/2005,NA,NA,2
5/3/2005,NA,NA,2
5/4/2005,4.59,0.522,2
5/5/2005,NA,NA,2
5/6/2005,NA,NA,2
5/7/2005,14.7,1.23,2
5/8/2005,NA,NA,2
5/9/2005,NA,NA,2
5/10/2005,8.58,1.48,2
5/11/2005,NA,NA,2
5/12/2005,NA,NA,2
5/13/2005,7.23,0.606,2
5/14/2005,NA,NA,2
5/15/2005,NA,NA,2
5/16/2005,4.26,0.454,2
5/17/2005,NA,NA,2
5/18/2005,NA,NA,2
5/19/2005,7.03,0.816,2
5/20/2005,NA,NA,2
5/21/2005,NA,NA,2
5/22/2005,7.83,0.326,2
5/23/2005,NA,NA,2
5/24/2005,NA,NA,2
5/25/2005,3.98,0.344,2
5/26/2005,NA,NA,2
5/27/2005,NA,NA,2
5/28/2005,7.77,0.888,2
5/29/2005,NA,NA,2
5/30/2005,NA,NA,2
5/31/2005,NA,NA,2
6/1/2005,NA,NA,2
6/2/2005,NA,NA,2
6/3/2005,3.86,0.322,2
6/4/2005,NA,NA,2
6/5/2005,NA,NA,2
6/6/2005,3.19,0.727,2
6/7/2005,NA,NA,2
6/8/2005,NA,NA,2
6/9/2005,0.0398,0.0702,2
6/10/2005,NA,NA,2
6/11/2005,NA,NA,2
6/12/2005,1.16,0.197,2
6/13/2005,NA,NA,2
6/14/2005,NA,NA,2
6/15/2005,NA,0.46,2
6/16/2005,NA,NA,2
6/17/2005,NA,NA,2
6/18/2005,5.7,0.441,2
6/19/2005,NA,NA,2
6/20/2005,NA,NA,2
6/21/2005,10.6,1.14,2
6/22/2005,NA,NA,2
6/23/2005,NA,NA,2
6/24/2005,18.4,0.791,2
6/25/2005,NA,NA,2
6/26/2005,NA,NA,2
6/27/2005,8.55,0.393,2
6/28/2005,NA,NA,2
6/29/2005,NA,NA,2
6/30/2005,11.3,0.486,2
7/1/2005,NA,NA,2
7/2/2005,NA,NA,2
7/3/2005,4.97,0.347,2
7/4/2005,NA,NA,2
7/5/2005,NA,NA,2
7/6/2005,2.41,0.385,2
7/7/2005,NA,NA,2
7/8/2005,NA,NA,2
7/9/2005,10.4,0.424,2
7/10/2005,NA,NA,2
7/11/2005,NA,NA,2
7/12/2005,4.69,0.505,2
7/13/2005,NA,NA,2
7/14/2005,NA,NA,2
7/15/2005,3.38,0.289,2
7/16/2005,NA,NA,2
7/17/2005,NA,NA,2
7/18/2005,3.55,0.427,2
7/19/2005,NA,NA,2
7/20/2005,NA,NA,2
7/21/2005,6.34,0.662,2
7/22/2005,NA,NA,2
7/23/2005,NA,NA,2
7/24/2005,14.1,0.573,2
7/25/2005,NA,NA,2
7/26/2005,NA,NA,2
7/27/2005,14.6,0.719,2
7/28/2005,NA,NA,2
7/29/2005,NA,NA,2
7/30/2005,13.3,1.17,2
7/31/2005,NA,NA,2
8/1/2005,NA,NA,2
8/2/2005,9.08,0.538,2
8/3/2005,NA,NA,2
8/4/2005,NA,NA,2
8/5/2005,17.4,0.587,2
8/6/2005,NA,NA,2
8/7/2005,NA,NA,2
8/8/2005,3.76,0.36,2
8/9/2005,NA,NA,2
8/10/2005,NA,NA,2
8/11/2005,11.1,1.27,2
8/12/2005,NA,NA,2
8/13/2005,NA,NA,2
8/14/2005,8.21,0.532,2
8/15/2005,NA,NA,2
8/16/2005,NA,NA,2
8/17/2005,7.22,0.59,2
8/18/2005,NA,NA,2
8/19/2005,NA,NA,2
8/20/2005,9.35,0.434,2
8/21/2005,NA,NA,2
8/22/2005,NA,NA,2
8/23/2005,5.86,0.743,2
8/24/2005,NA,NA,2
8/25/2005,NA,NA,2
8/26/2005,11,0.417,2
8/27/2005,NA,NA,2
8/28/2005,NA,NA,2
8/29/2005,NA,NA,2
8/30/2005,NA,NA,2
8/31/2005,NA,NA,2
9/1/2005,NA,NA,2
9/2/2005,NA,NA,2
9/3/2005,NA,NA,2
9/4/2005,10.6,0.306,2
9/5/2005,NA,NA,2
9/6/2005,NA,NA,2
9/7/2005,4.83,0.607,2
9/8/2005,NA,NA,2
9/9/2005,NA,NA,2
9/10/2005,10.6,0.759,2
9/11/2005,NA,NA,2
9/12/2005,NA,NA,2
9/13/2005,23.3,0.624,2
9/14/2005,NA,NA,2
9/15/2005,NA,NA,2
9/16/2005,4.12,0.596,2
9/17/2005,NA,NA,2
9/18/2005,NA,NA,2
9/19/2005,9.69,0.607,2
9/20/2005,NA,NA,2
9/21/2005,NA,NA,2
9/22/2005,2.39,0.403,2
9/23/2005,NA,NA,2
9/24/2005,NA,NA,2
9/25/2005,2.59,0.287,2
9/26/2005,NA,NA,2
9/27/2005,NA,NA,2
9/28/2005,6.52,0.441,2
9/29/2005,NA,NA,2
9/30/2005,NA,NA,2
10/1/2005,8.14,0.419,2
10/2/2005,NA,NA,2
10/3/2005,NA,NA,2
10/4/2005,5.62,0.708,2
10/5/2005,NA,NA,2
10/6/2005,NA,NA,2
10/7/2005,3.51,0.859,2
10/8/2005,NA,NA,2
10/9/2005,NA,NA,2
10/10/2005,6.41,0.802,2
10/11/2005,NA,NA,2
10/12/2005,NA,NA,2
10/13/2005,9.39,0.671,2
10/14/2005,NA,NA,2
10/15/2005,NA,NA,2
10/16/2005,1.86,0.341,2
10/17/2005,NA,NA,2
10/18/2005,NA,NA,2
10/19/2005,NA,NA,2
10/20/2005,NA,NA,2
10/21/2005,NA,NA,2
10/22/2005,5.01,0.734,2
10/23/2005,NA,NA,2
10/24/2005,NA,NA,2
10/25/2005,2.19,0.549,2
10/26/2005,NA,NA,2
10/27/2005,NA,NA,2
10/28/2005,4.32,0.926,2
10/29/2005,NA,NA,2
10/30/2005,NA,NA,2
10/31/2005,6.58,0.729,2
11/1/2005,NA,NA,2
11/2/2005,NA,NA,2
11/3/2005,3.8,0.619,2
11/4/2005,NA,NA,2
11/5/2005,NA,NA,2
11/6/2005,4.69,0.474,2
11/7/2005,NA,NA,2
11/8/2005,NA,NA,2
11/9/2005,4.34,0.642,2
11/10/2005,NA,NA,2
11/11/2005,NA,NA,2
11/12/2005,3.03,0.543,2
11/13/2005,NA,NA,2
11/14/2005,NA,NA,2
11/15/2005,2.85,0.396,2
11/16/2005,NA,NA,2
11/17/2005,NA,NA,2
11/18/2005,1.91,1.39,2
11/19/2005,NA,NA,2
11/20/2005,NA,NA,2
11/21/2005,3.7,1.85,2
11/22/2005,NA,NA,2
11/23/2005,NA,NA,2
11/24/2005,0.991,0.443,2
11/25/2005,NA,NA,2
11/26/2005,NA,NA,2
11/27/2005,3.72,0.381,2
11/28/2005,NA,NA,2
11/29/2005,NA,NA,2
11/30/2005,1.21,1.1,2
12/1/2005,NA,NA,2
12/2/2005,NA,NA,2
12/3/2005,1.78,0.543,2
12/4/2005,NA,NA,2
12/5/2005,NA,NA,2
12/6/2005,6.25,3.25,2
12/7/2005,NA,NA,2
12/8/2005,NA,NA,2
12/9/2005,NA,NA,2
12/10/2005,NA,NA,2
12/11/2005,NA,NA,2
12/12/2005,0.817,0.491,2
12/13/2005,NA,NA,2
12/14/2005,NA,NA,2
12/15/2005,1.84,0.873,2
12/16/2005,NA,NA,2
12/17/2005,NA,NA,2
12/18/2005,2.3,1.89,2
12/19/2005,NA,NA,2
12/20/2005,NA,NA,2
12/21/2005,2.15,2.09,2
12/22/2005,NA,NA,2
12/23/2005,NA,NA,2
12/24/2005,2.73,1.61,2
12/25/2005,NA,NA,2
12/26/2005,NA,NA,2
12/27/2005,NA,NA,2
12/28/2005,NA,NA,2
12/29/2005,NA,NA,2
12/30/2005,3.28,3.03,2
12/31/2005,NA,NA,2
1/1/2006,NA,NA,2
1/2/2006,NA,NA,2
1/3/2006,NA,NA,2
1/4/2006,NA,NA,2
1/5/2006,3.38,2.27,2
1/6/2006,NA,NA,2
1/7/2006,NA,NA,2
1/8/2006,1.77,0.734,2
1/9/2006,NA,NA,2
1/10/2006,NA,NA,2
1/11/2006,3.28,1.31,2
1/12/2006,NA,NA,2
1/13/2006,NA,NA,2
1/14/2006,1.14,0.856,2
1/15/2006,NA,NA,2
1/16/2006,NA,NA,2
1/17/2006,1.15,0.353,2
1/18/2006,NA,NA,2
1/19/2006,NA,NA,2
1/20/2006,2.41,0.783,2
1/21/2006,NA,NA,2
1/22/2006,NA,NA,2
1/23/2006,1.81,0.795,2
1/24/2006,NA,NA,2
1/25/2006,NA,NA,2
1/26/2006,1.33,1.18,2
1/27/2006,NA,NA,2
1/28/2006,NA,NA,2
1/29/2006,1.56,0.348,2
1/30/2006,NA,NA,2
1/31/2006,NA,NA,2
2/1/2006,NA,NA,2
2/2/2006,NA,NA,2
2/3/2006,NA,NA,2
2/4/2006,1.31,0.513,2
2/5/2006,NA,NA,2
2/6/2006,NA,NA,2
2/7/2006,1.23,2.28,2
2/8/2006,NA,NA,2
2/9/2006,NA,NA,2
2/10/2006,3.23,2.63,2
2/11/2006,NA,NA,2
2/12/2006,NA,NA,2
2/13/2006,2.74,2.43,2
2/14/2006,NA,NA,2
2/15/2006,NA,NA,2
2/16/2006,2.37,0.567,2
2/17/2006,NA,NA,2
2/18/2006,NA,NA,2
2/19/2006,3.03,3.74,2
2/20/2006,NA,NA,2
2/21/2006,NA,NA,2
2/22/2006,3.08,0.655,2
2/23/2006,NA,NA,2
2/24/2006,NA,NA,2
2/25/2006,2.2,1.28,2
2/26/2006,NA,NA,2
2/27/2006,NA,NA,2
2/28/2006,3.01,0.914,2
3/1/2006,NA,NA,2
3/2/2006,NA,NA,2
3/3/2006,4.69,3.89,2
3/4/2006,NA,NA,2
3/5/2006,NA,NA,2
3/6/2006,3.32,1.54,2
3/7/2006,NA,NA,2
3/8/2006,NA,NA,2
3/9/2006,4.08,0.488,2
3/10/2006,NA,NA,2
3/11/2006,NA,NA,2
3/12/2006,3.19,0.586,2
3/13/2006,NA,NA,2
3/14/2006,NA,NA,2
3/15/2006,1.84,0.811,2
3/16/2006,NA,NA,2
3/17/2006,NA,NA,2
3/18/2006,6.01,3.9,2
3/19/2006,NA,NA,2
3/20/2006,NA,NA,2
3/21/2006,2.28,0.901,2
3/22/2006,NA,NA,2
3/23/2006,NA,NA,2
3/24/2006,1.8,2.02,2
3/25/2006,NA,NA,2
3/26/2006,NA,NA,2
3/27/2006,4.29,0.862,2
3/28/2006,NA,NA,2
3/29/2006,NA,NA,2
3/30/2006,4.56,0.827,2
3/31/2006,NA,NA,2
4/1/2006,NA,NA,2
4/2/2006,6.14,0.758,2
4/3/2006,NA,NA,2
4/4/2006,NA,NA,2
4/5/2006,3.48,0.735,2
4/6/2006,NA,NA,2
4/7/2006,NA,NA,2
4/8/2006,3.32,0.454,2
4/9/2006,NA,NA,2
4/10/2006,NA,NA,2
4/11/2006,2.39,0.394,2
4/12/2006,NA,NA,2
4/13/2006,NA,NA,2
4/14/2006,3.25,0.813,2
4/15/2006,NA,NA,2
4/16/2006,NA,NA,2
4/17/2006,5.73,0.916,2
4/18/2006,NA,NA,2
4/19/2006,NA,NA,2
4/20/2006,4.23,0.772,2
4/21/2006,NA,NA,2
4/22/2006,NA,NA,2
4/23/2006,3.74,0.619,2
4/24/2006,NA,NA,2
4/25/2006,NA,NA,2
4/26/2006,6.84,0.794,2
4/27/2006,NA,NA,2
4/28/2006,NA,NA,2
4/29/2006,6.56,0.413,2
4/30/2006,NA,NA,2
5/1/2006,NA,NA,2
5/2/2006,5.37,0.706,2
5/3/2006,NA,NA,2
5/4/2006,NA,NA,2
5/5/2006,5.61,1.24,2
5/6/2006,NA,NA,2
5/7/2006,NA,NA,2
5/8/2006,9.15,1,2
5/9/2006,NA,NA,2
5/10/2006,NA,NA,2
5/11/2006,1.53,0.224,2
5/12/2006,NA,NA,2
5/13/2006,NA,NA,2
5/14/2006,1.79,0.386,2
5/15/2006,NA,NA,2
5/16/2006,NA,NA,2
5/17/2006,NA,NA,2
5/18/2006,NA,NA,2
5/19/2006,NA,NA,2
5/20/2006,2.66,0.42,2
5/21/2006,NA,NA,2
5/22/2006,NA,NA,2
5/23/2006,6.14,0.887,2
5/24/2006,NA,NA,2
5/25/2006,NA,NA,2
5/26/2006,3.98,0.613,2
5/27/2006,NA,NA,2
5/28/2006,NA,NA,2
5/29/2006,9.78,0.841,2
5/30/2006,NA,NA,2
5/31/2006,NA,NA,2
6/1/2006,10.4,0.786,2
6/2/2006,NA,NA,2
6/3/2006,NA,NA,2
6/4/2006,NA,NA,2
6/5/2006,NA,NA,2
6/6/2006,NA,NA,2
6/7/2006,4.55,0.645,2
6/8/2006,NA,NA,2
6/9/2006,NA,NA,2
6/10/2006,6.83,0.925,2
6/11/2006,NA,NA,2
6/12/2006,NA,NA,2
6/13/2006,12.5,0.471,2
6/14/2006,NA,NA,2
6/15/2006,NA,NA,2
6/16/2006,10.4,0.397,2
6/17/2006,NA,NA,2
6/18/2006,NA,NA,2
6/19/2006,5.48,0.501,2
6/20/2006,NA,NA,2
6/21/2006,NA,NA,2
6/22/2006,6.77,0.505,2
6/23/2006,NA,NA,2
6/24/2006,NA,NA,2
6/25/2006,6.52,0.423,2
6/26/2006,NA,NA,2
6/27/2006,NA,NA,2
6/28/2006,4.81,0.316,2
6/29/2006,NA,NA,2
6/30/2006,NA,NA,2
7/1/2006,7.67,0.542,2
7/2/2006,NA,NA,2
7/3/2006,NA,NA,2
7/4/2006,10.6,1.16,2
7/5/2006,NA,NA,2
7/6/2006,NA,NA,2
7/7/2006,8.05,0.276,2
7/8/2006,NA,NA,2
7/9/2006,NA,NA,2
7/10/2006,7.22,0.655,2
7/11/2006,NA,NA,2
7/12/2006,NA,NA,2
7/13/2006,2.83,0.416,2
7/14/2006,NA,NA,2
7/15/2006,NA,NA,2
7/16/2006,6.53,0.703,2
7/17/2006,NA,NA,2
7/18/2006,NA,NA,2
7/19/2006,10.7,0.804,2
7/20/2006,NA,NA,2
7/21/2006,NA,NA,2
7/22/2006,4.46,0.707,2
7/23/2006,NA,NA,2
7/24/2006,NA,NA,2
7/25/2006,3.68,0.378,2
7/26/2006,NA,NA,2
7/27/2006,NA,NA,2
7/28/2006,2.98,0.529,2
7/29/2006,NA,NA,2
7/30/2006,NA,NA,2
7/31/2006,6.52,0.475,2
8/1/2006,NA,NA,2
8/2/2006,NA,NA,2
8/3/2006,4.11,0.991,2
8/4/2006,NA,NA,2
8/5/2006,NA,NA,2
8/6/2006,5.28,0.476,2
8/7/2006,NA,NA,2
8/8/2006,NA,NA,2
8/9/2006,4.77,0.339,2
8/10/2006,NA,NA,2
8/11/2006,NA,NA,2
8/12/2006,6.7,0.419,2
8/13/2006,NA,NA,2
8/14/2006,NA,NA,2
8/15/2006,4.42,0.56,2
8/16/2006,NA,NA,2
8/17/2006,NA,NA,2
8/18/2006,12,0.471,2
8/19/2006,NA,NA,2
8/20/2006,NA,NA,2
8/21/2006,8.84,1.16,2
8/22/2006,NA,NA,2
8/23/2006,NA,NA,2
8/24/2006,17.9,0.829,2
8/25/2006,NA,NA,2
8/26/2006,NA,NA,2
8/27/2006,2.6,0.164,2
8/28/2006,NA,NA,2
8/29/2006,NA,NA,2
8/30/2006,3.37,0.447,2
8/31/2006,NA,NA,2
9/1/2006,NA,NA,2
9/2/2006,5.45,0.264,2
9/3/2006,NA,NA,2
9/4/2006,NA,NA,2
9/5/2006,8.09,0.602,2
9/6/2006,NA,NA,2
9/7/2006,NA,NA,2
9/8/2006,6.49,0.549,2
9/9/2006,NA,NA,2
9/10/2006,NA,NA,2
9/11/2006,10.5,0.271,2
9/12/2006,NA,NA,2
9/13/2006,NA,NA,2
9/14/2006,5.04,0.392,2
9/15/2006,NA,NA,2
9/16/2006,NA,NA,2
9/17/2006,9.61,0.868,2
9/18/2006,NA,NA,2
9/19/2006,NA,NA,2
9/20/2006,2.52,0.336,2
9/21/2006,NA,NA,2
9/22/2006,NA,NA,2
9/23/2006,4.14,0.29,2
9/24/2006,NA,NA,2
9/25/2006,NA,NA,2
9/26/2006,4.02,0.54,2
9/27/2006,NA,NA,2
9/28/2006,NA,NA,2
9/29/2006,0,0,2
9/30/2006,NA,NA,2
10/1/2006,NA,NA,2
10/2/2006,NA,NA,2
10/3/2006,NA,NA,2
10/4/2006,NA,NA,2
10/5/2006,9.37,0.708,2
10/6/2006,NA,NA,2
10/7/2006,NA,NA,2
10/8/2006,3.47,0.516,2
10/9/2006,NA,NA,2
10/10/2006,NA,NA,2
10/11/2006,4.63,0.406,2
10/12/2006,NA,NA,2
10/13/2006,NA,NA,2
10/14/2006,NA,NA,2
10/15/2006,NA,NA,2
10/16/2006,NA,NA,2
10/17/2006,NA,NA,2
10/18/2006,NA,NA,2
10/19/2006,NA,NA,2
10/20/2006,2.81,0.779,2
10/21/2006,NA,NA,2
10/22/2006,NA,NA,2
10/23/2006,1.84,0.643,2
10/24/2006,NA,NA,2
10/25/2006,NA,NA,2
10/26/2006,2.59,0.631,2
10/27/2006,NA,NA,2
10/28/2006,NA,NA,2
10/29/2006,1.83,0.614,2
10/30/2006,NA,NA,2
10/31/2006,NA,NA,2
11/1/2006,2.96,0.884,2
11/2/2006,NA,NA,2
11/3/2006,NA,NA,2
11/4/2006,1.86,1.05,2
11/5/2006,NA,NA,2
11/6/2006,NA,NA,2
11/7/2006,1.88,0.361,2
11/8/2006,NA,NA,2
11/9/2006,NA,NA,2
11/10/2006,3.44,1.41,2
11/11/2006,NA,NA,2
11/12/2006,NA,NA,2
11/13/2006,4.22,1.14,2
11/14/2006,NA,NA,2
11/15/2006,NA,NA,2
11/16/2006,2.22,1.13,2
11/17/2006,NA,NA,2
11/18/2006,NA,NA,2
11/19/2006,6.48,6.09,2
11/20/2006,NA,NA,2
11/21/2006,NA,NA,2
11/22/2006,2.05,1.05,2
11/23/2006,NA,NA,2
11/24/2006,NA,NA,2
11/25/2006,4.12,1.09,2
11/26/2006,NA,NA,2
11/27/2006,NA,NA,2
11/28/2006,3.07,0.911,2
11/29/2006,NA,NA,2
11/30/2006,NA,NA,2
12/1/2006,1.35,0.558,2
12/2/2006,NA,NA,2
12/3/2006,NA,NA,2
12/4/2006,NA,NA,2
12/5/2006,NA,NA,2
12/6/2006,NA,NA,2
12/7/2006,1.64,1.49,2
12/8/2006,NA,NA,2
12/9/2006,NA,NA,2
12/10/2006,2.38,1.4,2
12/11/2006,NA,NA,2
12/12/2006,NA,NA,2
12/13/2006,4.56,1.13,2
12/14/2006,NA,NA,2
12/15/2006,NA,NA,2
12/16/2006,6.5,1.76,2
12/17/2006,NA,NA,2
12/18/2006,NA,NA,2
12/19/2006,6.78,2.09,2
12/20/2006,NA,NA,2
12/21/2006,NA,NA,2
12/22/2006,1.59,0.865,2
12/23/2006,NA,NA,2
12/24/2006,NA,NA,2
12/25/2006,NA,0.548,2
12/26/2006,NA,NA,2
12/27/2006,NA,NA,2
12/28/2006,3.4,0.97,2
12/29/2006,NA,NA,2
12/30/2006,NA,NA,2
12/31/2006,1.27,0.406,2
1/1/2007,NA,NA,2
1/2/2007,NA,NA,2
1/3/2007,3.61,1.17,2
1/4/2007,NA,NA,2
1/5/2007,NA,NA,2
1/6/2007,3.79,1.2,2
1/7/2007,NA,NA,2
1/8/2007,NA,NA,2
1/9/2007,NA,NA,2
1/10/2007,NA,NA,2
1/11/2007,NA,NA,2
1/12/2007,2.1,0.53,2
1/13/2007,NA,NA,2
1/14/2007,NA,NA,2
1/15/2007,1.79,0.484,2
1/16/2007,NA,NA,2
1/17/2007,NA,NA,2
1/18/2007,4.1,1.73,2
1/19/2007,NA,NA,2
1/20/2007,NA,NA,2
1/21/2007,1.6,1.07,2
1/22/2007,NA,NA,2
1/23/2007,NA,NA,2
1/24/2007,3.17,2.39,2
1/25/2007,NA,NA,2
1/26/2007,NA,NA,2
1/27/2007,2.65,2.39,2
1/28/2007,NA,NA,2
1/29/2007,NA,NA,2
1/30/2007,1.18,1.06,2
1/31/2007,NA,NA,2
2/1/2007,NA,NA,2
2/2/2007,3.65,3.5,2
2/3/2007,NA,NA,2
2/4/2007,NA,NA,2
2/5/2007,0.877,2.15,2
2/6/2007,NA,NA,2
2/7/2007,NA,NA,2
2/8/2007,2.66,6.38,2
2/9/2007,NA,NA,2
2/10/2007,NA,NA,2
2/11/2007,2.36,2.61,2
2/12/2007,NA,NA,2
2/13/2007,NA,NA,2
2/14/2007,4.01,1.38,2
2/15/2007,NA,NA,2
2/16/2007,NA,NA,2
2/17/2007,1.88,4.11,2
2/18/2007,NA,NA,2
2/19/2007,NA,NA,2
2/20/2007,1.9,0.604,2
2/21/2007,NA,NA,2
2/22/2007,NA,NA,2
2/23/2007,1.63,0.602,2
2/24/2007,NA,NA,2
2/25/2007,NA,NA,2
2/26/2007,1.66,0.646,2
2/27/2007,NA,NA,2
2/28/2007,NA,NA,2
3/1/2007,3.16,0.592,2
3/2/2007,NA,NA,2
3/3/2007,NA,NA,2
3/4/2007,1.48,0.605,2
3/5/2007,NA,NA,2
3/6/2007,NA,NA,2
3/7/2007,NA,NA,2
3/8/2007,NA,NA,2
3/9/2007,NA,NA,2
3/10/2007,8.53,1.17,2
3/11/2007,NA,NA,2
3/12/2007,NA,NA,2
3/13/2007,6.16,1,2
3/14/2007,NA,NA,2
3/15/2007,NA,NA,2
3/16/2007,2.85,2.05,2
3/17/2007,NA,NA,2
3/18/2007,NA,NA,2
3/19/2007,2.79,0.546,2
3/20/2007,NA,NA,2
3/21/2007,NA,NA,2
3/22/2007,2.1,0.565,2
3/23/2007,NA,NA,2
3/24/2007,NA,NA,2
3/25/2007,5.19,1.27,2
3/26/2007,NA,NA,2
3/27/2007,NA,NA,2
3/28/2007,5.32,0.791,2
3/29/2007,NA,NA,2
3/30/2007,NA,NA,2
3/31/2007,5.81,0.604,2
4/1/2007,NA,NA,2
4/2/2007,NA,NA,2
4/3/2007,6.31,0.929,2
4/4/2007,NA,NA,2
4/5/2007,NA,NA,2
4/6/2007,4.55,1.79,2
4/7/2007,NA,NA,2
4/8/2007,NA,NA,2
4/9/2007,1.97,0.717,2
4/10/2007,NA,NA,2
4/11/2007,NA,NA,2
4/12/2007,1.56,0.21,2
4/13/2007,NA,NA,2
4/14/2007,NA,NA,2
4/15/2007,2.8,0.182,2
4/16/2007,NA,NA,2
4/17/2007,NA,NA,2
4/18/2007,5.07,1.04,2
4/19/2007,NA,NA,2
4/20/2007,NA,NA,2
4/21/2007,11.1,1.12,2
4/22/2007,NA,NA,2
4/23/2007,NA,NA,2
4/24/2007,2.66,0.757,2
4/25/2007,NA,NA,2
4/26/2007,NA,NA,2
4/27/2007,2.14,0.331,2
4/28/2007,NA,NA,2
4/29/2007,NA,NA,2
4/30/2007,4.92,0.967,2
5/1/2007,NA,NA,2
5/2/2007,NA,NA,2
5/3/2007,7.46,0.672,2
5/4/2007,NA,NA,2
5/5/2007,NA,NA,2
5/6/2007,11.5,0.826,2
5/7/2007,NA,NA,2
5/8/2007,NA,NA,2
5/9/2007,4.33,0.723,2
5/10/2007,NA,NA,2
5/11/2007,NA,NA,2
5/12/2007,6.56,0.994,2
5/13/2007,NA,NA,2
5/14/2007,NA,NA,2
5/15/2007,5.32,0.795,2
5/16/2007,NA,NA,2
5/17/2007,NA,NA,2
5/18/2007,3.34,0.468,2
5/19/2007,NA,NA,2
5/20/2007,NA,NA,2
5/21/2007,10.8,1.01,2
5/22/2007,NA,NA,2
5/23/2007,NA,NA,2
5/24/2007,3.86,0.576,2
5/25/2007,NA,NA,2
5/26/2007,NA,NA,2
5/27/2007,6.19,0.74,2
5/28/2007,NA,NA,2
5/29/2007,NA,NA,2
5/30/2007,8.84,1.06,2
5/31/2007,NA,NA,2
6/1/2007,NA,NA,2
6/2/2007,11.3,0.874,2
6/3/2007,NA,NA,2
6/4/2007,NA,NA,2
6/5/2007,2.14,0.369,2
6/6/2007,NA,NA,2
6/7/2007,NA,NA,2
6/8/2007,2.36,0.6,2
6/9/2007,NA,NA,2
6/10/2007,NA,NA,2
6/11/2007,7.89,0.441,2
6/12/2007,NA,NA,2
6/13/2007,NA,NA,2
6/14/2007,7.22,0.465,2
6/15/2007,NA,NA,2
6/16/2007,NA,NA,2
6/17/2007,6.57,0.31,2
6/18/2007,NA,NA,2
6/19/2007,NA,NA,2
6/20/2007,2.51,0.377,2
6/21/2007,NA,NA,2
6/22/2007,NA,NA,2
6/23/2007,8.31,0.588,2
6/24/2007,NA,NA,2
6/25/2007,NA,NA,2
6/26/2007,5.4,0.696,2
6/27/2007,NA,NA,2
6/28/2007,NA,NA,2
6/29/2007,7.93,0.589,2
6/30/2007,NA,NA,2
7/1/2007,NA,NA,2
7/2/2007,4.24,0.336,2
7/3/2007,NA,NA,2
7/4/2007,NA,NA,2
7/5/2007,5.34,0.42,2
7/6/2007,NA,NA,2
7/7/2007,NA,NA,2
7/8/2007,6.98,0.468,2
7/9/2007,NA,NA,2
7/10/2007,NA,NA,2
7/11/2007,3.51,0.226,2
7/12/2007,NA,NA,2
7/13/2007,NA,NA,2
7/14/2007,4.3,0.859,2
7/15/2007,NA,NA,2
7/16/2007,NA,NA,2
7/17/2007,4.34,0.651,2
7/18/2007,NA,NA,2
7/19/2007,NA,NA,2
7/20/2007,2.73,0.341,2
7/21/2007,NA,NA,2
7/22/2007,NA,NA,2
7/23/2007,5.71,0.293,2
7/24/2007,NA,NA,2
7/25/2007,NA,NA,2
7/26/2007,5.7,0.49,2
7/27/2007,NA,NA,2
7/28/2007,NA,NA,2
7/29/2007,3.24,0.276,2
7/30/2007,NA,NA,2
7/31/2007,NA,NA,2
8/1/2007,8.19,0.241,2
8/2/2007,NA,NA,2
8/3/2007,NA,NA,2
8/4/2007,18.8,0.708,2
8/5/2007,NA,NA,2
8/6/2007,NA,NA,2
8/7/2007,5.33,0.327,2
8/8/2007,NA,NA,2
8/9/2007,NA,NA,2
8/10/2007,4.86,0.57,2
8/11/2007,NA,NA,2
8/12/2007,NA,NA,2
8/13/2007,11.2,0.301,2
8/14/2007,NA,NA,2
8/15/2007,NA,NA,2
8/16/2007,8.43,0.467,2
8/17/2007,NA,NA,2
8/18/2007,NA,NA,2
8/19/2007,6.56,0.357,2
8/20/2007,NA,NA,2
8/21/2007,NA,NA,2
8/22/2007,11.3,1.08,2
8/23/2007,NA,NA,2
8/24/2007,NA,NA,2
8/25/2007,NA,NA,2
8/26/2007,NA,NA,2
8/27/2007,NA,NA,2
8/28/2007,6.12,0.415,2
8/29/2007,NA,NA,2
8/30/2007,NA,NA,2
8/31/2007,9.47,1.22,2
9/1/2007,NA,NA,2
9/2/2007,NA,NA,2
9/3/2007,27.9,1.32,2
9/4/2007,NA,NA,2
9/5/2007,NA,NA,2
9/6/2007,8.16,0.326,2
9/7/2007,NA,NA,2
9/8/2007,NA,NA,2
9/9/2007,4.72,0.333,2
9/10/2007,NA,NA,2
9/11/2007,NA,NA,2
9/12/2007,11.5,1.72,2
9/13/2007,NA,NA,2
9/14/2007,NA,NA,2
9/15/2007,NA,NA,2
9/16/2007,NA,NA,2
9/17/2007,NA,NA,2
9/18/2007,6.32,0.577,2
9/19/2007,NA,NA,2
9/20/2007,NA,NA,2
9/21/2007,4.3,0.321,2
9/22/2007,NA,NA,2
9/23/2007,NA,NA,2
9/24/2007,2.65,0.234,2
9/25/2007,NA,NA,2
9/26/2007,NA,NA,2
9/27/2007,7.82,0.483,2
9/28/2007,NA,NA,2
9/29/2007,NA,NA,2
9/30/2007,3.5,0.202,2
10/1/2007,NA,NA,2
10/2/2007,NA,NA,2
10/3/2007,3.57,0.533,2
10/4/2007,NA,NA,2
10/5/2007,NA,NA,2
10/6/2007,4.78,0.347,2
10/7/2007,NA,NA,2
10/8/2007,NA,NA,2
10/9/2007,3.88,0.451,2
10/10/2007,NA,NA,2
10/11/2007,NA,NA,2
10/12/2007,NA,NA,2
10/13/2007,4.36,0.648,2
10/14/2007,NA,NA,2
10/15/2007,4.76,0.279,2
10/16/2007,NA,NA,2
10/17/2007,NA,NA,2
10/18/2007,NA,NA,2
10/19/2007,NA,NA,2
10/20/2007,NA,NA,2
10/21/2007,2.39,0.462,2
10/22/2007,NA,NA,2
10/23/2007,NA,NA,2
10/24/2007,0.769,0.63,2
10/25/2007,NA,NA,2
10/26/2007,NA,NA,2
10/27/2007,2.85,0.963,2
10/28/2007,NA,NA,2
10/29/2007,NA,NA,2
10/30/2007,3.25,0.902,2
10/31/2007,NA,NA,2
11/1/2007,NA,NA,2
11/2/2007,6.56,1.27,2
11/3/2007,NA,NA,2
11/4/2007,NA,NA,2
11/5/2007,6.1,0.772,2
11/6/2007,NA,NA,2
11/7/2007,NA,NA,2
11/8/2007,NA,NA,2
11/9/2007,NA,NA,2
11/10/2007,NA,NA,2
11/11/2007,3.9,1.43,2
11/12/2007,NA,NA,2
11/13/2007,NA,NA,2
11/14/2007,5.48,1.05,2
11/15/2007,NA,NA,2
11/16/2007,NA,NA,2
11/17/2007,2.4,0.795,2
11/18/2007,NA,NA,2
11/19/2007,NA,NA,2
11/20/2007,4.03,0.702,2
11/21/2007,NA,NA,2
11/22/2007,NA,NA,2
11/23/2007,2.16,1.07,2
11/24/2007,NA,NA,2
11/25/2007,NA,NA,2
11/26/2007,1.32,0.186,2
11/27/2007,NA,NA,2
11/28/2007,NA,NA,2
11/29/2007,2.85,1.26,2
11/30/2007,NA,NA,2
12/1/2007,NA,NA,2
12/2/2007,4.62,0.537,2
12/3/2007,NA,NA,2
12/4/2007,NA,NA,2
12/5/2007,1.76,1.23,2
12/6/2007,NA,NA,2
12/7/2007,NA,NA,2
12/8/2007,6.25,0.74,2
12/9/2007,NA,NA,2
12/10/2007,NA,NA,2
12/11/2007,2.74,0.598,2
12/12/2007,NA,NA,2
12/13/2007,NA,NA,2
12/14/2007,NA,NA,2
12/15/2007,NA,NA,2
12/16/2007,NA,NA,2
12/17/2007,1.56,0.959,2
12/18/2007,NA,NA,2
12/19/2007,NA,NA,2
12/20/2007,3.02,1.5,2
12/21/2007,NA,NA,2
12/22/2007,NA,NA,2
12/23/2007,1.39,0.333,2
12/24/2007,NA,NA,2
12/25/2007,NA,NA,2
12/26/2007,NA,NA,2
12/27/2007,NA,NA,2
12/28/2007,NA,NA,2
12/29/2007,1.78,1.58,2
12/30/2007,NA,NA,2
12/31/2007,NA,NA,2
1/1/2008,0.775,0.541,2
1/2/2008,NA,NA,2
1/3/2008,NA,NA,2
1/4/2008,1.82,1.4,2
1/5/2008,NA,NA,2
1/6/2008,NA,NA,2
1/7/2008,1.71,0.642,2
1/8/2008,NA,NA,2
1/9/2008,NA,NA,2
1/10/2008,2.39,0.344,2
1/11/2008,NA,NA,2
1/12/2008,NA,NA,2
1/13/2008,NA,NA,2
1/14/2008,NA,NA,2
1/15/2008,NA,NA,2
1/16/2008,NA,NA,2
1/17/2008,NA,NA,2
1/18/2008,NA,NA,2
1/19/2008,1.21,1.84,2
1/20/2008,NA,NA,2
1/21/2008,NA,NA,2
1/22/2008,2.7,1.16,2
1/23/2008,NA,NA,2
1/24/2008,NA,NA,2
1/25/2008,2.08,3.85,2
1/26/2008,NA,NA,2
1/27/2008,NA,NA,2
1/28/2008,NA,NA,2
1/29/2008,NA,NA,2
1/30/2008,NA,NA,2
1/31/2008,1.46,0.803,2
2/1/2008,NA,NA,2
2/2/2008,NA,NA,2
2/3/2008,2.18,1.05,2
2/4/2008,NA,NA,2
2/5/2008,NA,NA,2
2/6/2008,1.7,0.234,2
2/7/2008,NA,NA,2
2/8/2008,NA,NA,2
2/9/2008,1.2,0.779,2
2/10/2008,NA,NA,2
2/11/2008,NA,NA,2
2/12/2008,1.21,0.428,2
2/13/2008,NA,NA,2
2/14/2008,NA,NA,2
2/15/2008,3.21,1.17,2
2/16/2008,NA,NA,2
2/17/2008,NA,NA,2
2/18/2008,1.56,0.291,2
2/19/2008,NA,NA,2
2/20/2008,NA,NA,2
2/21/2008,1.39,1.09,2
2/22/2008,NA,NA,2
2/23/2008,NA,NA,2
2/24/2008,4.8,2.75,2
2/25/2008,NA,NA,2
2/26/2008,NA,NA,2
2/27/2008,1.56,0.913,2
2/28/2008,NA,NA,2
2/29/2008,NA,NA,2
3/1/2008,2.72,1.51,2
3/2/2008,NA,NA,2
3/3/2008,NA,NA,2
3/4/2008,NA,NA,2
3/5/2008,NA,NA,2
3/6/2008,NA,NA,2
3/7/2008,3.67,1.7,2
3/8/2008,NA,NA,2
3/9/2008,NA,NA,2
3/10/2008,NA,NA,2
3/11/2008,NA,NA,2
3/12/2008,NA,NA,2
3/13/2008,2.34,0.823,2
3/14/2008,NA,NA,2
3/15/2008,NA,NA,2
3/16/2008,4.59,0.517,2
3/17/2008,NA,NA,2
3/18/2008,NA,NA,2
3/19/2008,2.31,0.288,2
3/20/2008,NA,NA,2
3/21/2008,NA,NA,2
3/22/2008,4.33,0.72,2
3/23/2008,NA,NA,2
3/24/2008,NA,NA,2
3/25/2008,3.72,1.13,2
3/26/2008,NA,NA,2
3/27/2008,NA,NA,2
3/28/2008,6.68,0.658,2
3/29/2008,NA,NA,2
3/30/2008,NA,NA,2
3/31/2008,5.51,0.35,2
4/1/2008,NA,NA,2
4/2/2008,NA,NA,2
4/3/2008,NA,0.424,2
4/4/2008,NA,NA,2
4/5/2008,NA,NA,2
4/6/2008,6.8,1.2,2
4/7/2008,NA,NA,2
4/8/2008,4.48,0.301,2
4/9/2008,NA,NA,2
4/10/2008,NA,NA,2
4/11/2008,NA,NA,2
4/12/2008,1.38,0.226,2
4/13/2008,NA,NA,2
4/14/2008,NA,NA,2
4/15/2008,4.74,1.42,2
4/16/2008,NA,NA,2
4/17/2008,NA,NA,2
4/18/2008,2.75,0.687,2
4/19/2008,NA,NA,2
4/20/2008,NA,NA,2
4/21/2008,5.34,0.834,2
4/22/2008,NA,NA,2
4/23/2008,NA,NA,2
4/24/2008,2.95,0.517,2
4/25/2008,NA,NA,2
4/26/2008,NA,NA,2
4/27/2008,2.49,0.69,2
4/28/2008,NA,NA,2
4/29/2008,NA,NA,2
4/30/2008,2.66,0.718,2
5/1/2008,NA,NA,2
5/2/2008,NA,NA,2
5/3/2008,1.8,0.314,2
5/4/2008,NA,NA,2
5/5/2008,NA,NA,2
5/6/2008,5.12,0.75,2
5/7/2008,NA,NA,2
5/8/2008,NA,NA,2
5/9/2008,2.17,0.727,2
5/10/2008,NA,NA,2
5/11/2008,NA,NA,2
5/12/2008,1.84,0.31,2
5/13/2008,NA,NA,2
5/14/2008,NA,NA,2
5/15/2008,2.82,0.459,2
5/16/2008,NA,NA,2
5/17/2008,NA,NA,2
5/18/2008,2.61,0.361,2
5/19/2008,NA,NA,2
5/20/2008,NA,NA,2
5/21/2008,5.31,0.483,2
5/22/2008,NA,NA,2
5/23/2008,NA,NA,2
5/24/2008,NA,NA,2
5/25/2008,NA,NA,2
5/26/2008,NA,NA,2
5/27/2008,3.48,0.51,2
5/28/2008,NA,NA,2
5/29/2008,NA,NA,2
5/30/2008,7.78,0.499,2
5/31/2008,NA,NA,2
6/1/2008,NA,NA,2
6/2/2008,4.22,0.506,2
6/3/2008,NA,NA,2
6/4/2008,NA,NA,2
6/5/2008,2.52,0.28,2
6/6/2008,NA,NA,2
6/7/2008,NA,NA,2
6/8/2008,3.71,0.417,2
6/9/2008,NA,NA,2
6/10/2008,NA,NA,2
6/11/2008,5.81,0.696,2
6/12/2008,NA,NA,2
6/13/2008,NA,NA,2
6/14/2008,2.02,0.369,2
6/15/2008,NA,NA,2
6/16/2008,NA,NA,2
6/17/2008,2.79,0.271,2
6/18/2008,NA,NA,2
6/19/2008,NA,NA,2
6/20/2008,5.6,0.666,2
6/21/2008,NA,NA,2
6/22/2008,NA,NA,2
6/23/2008,4.75,0.516,2
6/24/2008,NA,NA,2
6/25/2008,NA,NA,2
6/26/2008,2.42,0.42,2
6/27/2008,NA,NA,2
6/28/2008,NA,NA,2
6/29/2008,1.96,0.38,2
6/30/2008,NA,NA,2
7/1/2008,NA,NA,2
7/2/2008,4.65,0.467,2
7/3/2008,NA,NA,2
7/4/2008,NA,NA,2
7/5/2008,2.72,0.749,2
7/6/2008,NA,NA,2
7/7/2008,NA,NA,2
7/8/2008,4.18,0.363,2
7/9/2008,NA,NA,2
7/10/2008,NA,NA,2
7/11/2008,3.65,0.364,2
7/12/2008,NA,NA,2
7/13/2008,NA,NA,2
7/14/2008,2.32,0.205,2
7/15/2008,NA,NA,2
7/16/2008,NA,NA,2
7/17/2008,12.6,0.545,2
7/18/2008,NA,NA,2
7/19/2008,NA,NA,2
7/20/2008,11,0.414,2
7/21/2008,NA,NA,2
7/22/2008,NA,NA,2
7/23/2008,3.27,0.499,2
7/24/2008,NA,NA,2
7/25/2008,NA,NA,2
7/26/2008,1.82,0.427,2
7/27/2008,NA,NA,2
7/28/2008,NA,NA,2
7/29/2008,4.37,0.528,2
7/30/2008,NA,NA,2
7/31/2008,NA,NA,2
8/1/2008,4.2,0.348,2
8/2/2008,NA,NA,2
8/3/2008,NA,NA,2
8/4/2008,3.17,0.359,2
8/5/2008,NA,NA,2
8/6/2008,NA,NA,2
8/7/2008,1.96,0.301,2
8/8/2008,NA,NA,2
8/9/2008,NA,NA,2
8/10/2008,4.53,0.301,2
8/11/2008,NA,NA,2
8/12/2008,NA,NA,2
8/13/2008,7.65,0.743,2
8/14/2008,NA,NA,2
8/15/2008,NA,NA,2
8/16/2008,9.16,0.495,2
8/17/2008,NA,NA,2
8/18/2008,NA,NA,2
8/19/2008,11,0.378,2
8/20/2008,NA,NA,2
8/21/2008,NA,NA,2
8/22/2008,6.32,0.389,2
8/23/2008,NA,NA,2
8/24/2008,NA,NA,2
8/25/2008,NA,NA,2
8/26/2008,NA,NA,2
8/27/2008,NA,NA,2
8/28/2008,11.7,0.519,2
8/29/2008,NA,NA,2
8/30/2008,NA,NA,2
8/31/2008,7.56,0.414,2
9/1/2008,NA,NA,2
9/2/2008,NA,NA,2
9/3/2008,5.79,0.302,2
9/4/2008,NA,NA,2
9/5/2008,NA,NA,2
9/6/2008,4.71,0.245,2
9/7/2008,NA,NA,2
9/8/2008,NA,NA,2
9/9/2008,4.31,0.345,2
9/10/2008,NA,NA,2
9/11/2008,NA,NA,2
9/12/2008,3.13,0.516,2
9/13/2008,NA,NA,2
9/14/2008,NA,NA,2
9/15/2008,2.59,0.194,2
9/16/2008,NA,NA,2
9/17/2008,NA,NA,2
9/18/2008,7.99,1.39,2
9/19/2008,NA,NA,2
9/20/2008,NA,NA,2
9/21/2008,4.82,0.578,2
9/22/2008,NA,NA,2
9/23/2008,NA,NA,2
9/24/2008,NA,NA,2
9/25/2008,NA,NA,2
9/26/2008,NA,NA,2
9/27/2008,4.24,0.385,2
9/28/2008,NA,NA,2
9/29/2008,NA,NA,2
9/30/2008,6.26,0.443,2
10/1/2008,NA,NA,2
10/2/2008,NA,NA,2
10/3/2008,3.87,0.881,2
10/4/2008,NA,NA,2
10/5/2008,NA,NA,2
10/6/2008,6.75,0.544,2
10/7/2008,NA,NA,2
10/8/2008,NA,NA,2
10/9/2008,2.92,0.716,2
10/10/2008,NA,NA,2
10/11/2008,NA,NA,2
10/12/2008,2.27,0.314,2
10/13/2008,NA,NA,2
10/14/2008,NA,NA,2
10/15/2008,4.99,0.668,2
10/16/2008,NA,NA,2
10/17/2008,NA,NA,2
10/18/2008,3.26,1.05,2
10/19/2008,NA,NA,2
10/20/2008,NA,NA,2
10/21/2008,6.58,0.868,2
10/22/2008,NA,NA,2
10/23/2008,NA,NA,2
10/24/2008,NA,NA,2
10/25/2008,NA,NA,2
10/26/2008,NA,NA,2
10/27/2008,0.858,0.151,2
10/28/2008,NA,NA,2
10/29/2008,NA,NA,2
10/30/2008,4.03,1.34,2
10/31/2008,NA,NA,2
11/1/2008,NA,NA,2
11/2/2008,6.52,1.23,2
11/3/2008,NA,NA,2
11/4/2008,NA,NA,2
11/5/2008,4.11,1.06,2
11/6/2008,NA,NA,2
11/7/2008,NA,NA,2
11/8/2008,0.718,0.388,2
11/9/2008,NA,NA,2
11/10/2008,NA,NA,2
11/11/2008,3.33,0.709,2
11/12/2008,NA,NA,2
11/13/2008,NA,NA,2
11/14/2008,5.27,0.998,2
11/15/2008,NA,NA,2
11/16/2008,NA,NA,2
11/17/2008,1.55,0.767,2
11/18/2008,NA,NA,2
11/19/2008,NA,NA,2
11/20/2008,2.87,2.58,2
11/21/2008,NA,NA,2
11/22/2008,NA,NA,2
11/23/2008,NA,NA,2
11/24/2008,NA,NA,2
11/25/2008,NA,NA,2
11/26/2008,NA,NA,2
11/27/2008,NA,NA,2
11/28/2008,NA,NA,2
11/29/2008,5.44,1.79,2
11/30/2008,NA,NA,2
12/1/2008,NA,NA,2
12/2/2008,1.96,1.33,2
12/3/2008,NA,NA,2
12/4/2008,NA,NA,2
12/5/2008,1.89,4.38,2
12/6/2008,NA,NA,2
12/7/2008,NA,NA,2
12/8/2008,1.85,1.32,2
12/9/2008,NA,NA,2
12/10/2008,NA,NA,2
12/11/2008,0.725,0.275,2
12/12/2008,NA,NA,2
12/13/2008,NA,NA,2
12/14/2008,2.22,0.477,2
12/15/2008,NA,NA,2
12/16/2008,NA,NA,2
12/17/2008,2.75,0.54,2
12/18/2008,NA,NA,2
12/19/2008,NA,NA,2
12/20/2008,3.15,0.516,2
12/21/2008,NA,NA,2
12/22/2008,NA,NA,2
12/23/2008,1.75,1.09,2
12/24/2008,NA,NA,2
12/25/2008,NA,NA,2
12/26/2008,2.67,0.371,2
12/27/2008,NA,NA,2
12/28/2008,NA,NA,2
12/29/2008,1.05,0.497,2
12/30/2008,NA,NA,2
12/31/2008,NA,NA,2
1/1/2009,1.33,0.622,2
1/2/2009,NA,NA,2
1/3/2009,NA,NA,2
1/4/2009,1.87,0.719,2
1/5/2009,NA,NA,2
1/6/2009,NA,NA,2
1/7/2009,0.764,0.571,2
1/8/2009,NA,NA,2
1/9/2009,NA,NA,2
1/10/2009,2.42,0.603,2
1/11/2009,NA,NA,2
1/12/2009,NA,NA,2
1/13/2009,2.61,1.51,2
1/14/2009,NA,NA,2
1/15/2009,NA,NA,2
1/16/2009,1.28,2.31,2
1/17/2009,NA,NA,2
1/18/2009,NA,NA,2
1/19/2009,1.72,0.907,2
1/20/2009,NA,NA,2
1/21/2009,NA,NA,2
1/22/2009,3,2.23,2
1/23/2009,NA,NA,2
1/24/2009,NA,NA,2
1/25/2009,5.22,5.84,2
1/26/2009,NA,NA,2
1/27/2009,NA,NA,2
1/28/2009,NA,NA,2
1/29/2009,NA,NA,2
1/30/2009,NA,NA,2
1/31/2009,1.96,1.24,2
2/1/2009,NA,NA,2
2/2/2009,NA,NA,2
2/3/2009,0.828,0.67,2
2/4/2009,NA,NA,2
2/5/2009,NA,NA,2
2/6/2009,1.3,0.877,2
2/7/2009,NA,NA,2
2/8/2009,NA,NA,2
2/9/2009,2.65,0.676,2
2/10/2009,NA,NA,2
2/11/2009,NA,NA,2
2/12/2009,1.1,0.381,2
2/13/2009,NA,NA,2
2/14/2009,NA,NA,2
2/15/2009,4.47,3.01,2
2/16/2009,NA,NA,2
2/17/2009,NA,NA,2
2/18/2009,3.69,0.506,2
2/19/2009,NA,NA,2
2/20/2009,NA,NA,2
2/21/2009,1.34,0.926,2
2/22/2009,NA,NA,2
2/23/2009,NA,NA,2
2/24/2009,2.62,1.53,2
2/25/2009,NA,NA,2
2/26/2009,NA,NA,2
2/27/2009,1.37,0.414,2
2/28/2009,NA,NA,2
3/1/2009,NA,NA,2
3/2/2009,2.2,2.18,2
3/3/2009,NA,NA,2
3/4/2009,NA,NA,2
3/5/2009,2.68,0.909,2
3/6/2009,NA,NA,2
3/7/2009,NA,NA,2
3/8/2009,3.03,0.751,2
3/9/2009,NA,NA,2
3/10/2009,NA,NA,2
3/11/2009,1.79,0.665,2
3/12/2009,NA,NA,2
3/13/2009,NA,NA,2
3/14/2009,2.32,0.741,2
3/15/2009,NA,NA,2
3/16/2009,NA,NA,2
3/17/2009,5.28,0.775,2
3/18/2009,NA,NA,2
3/19/2009,NA,NA,2
3/20/2009,1.6,0.511,2
3/21/2009,NA,NA,2
3/22/2009,NA,NA,2
3/23/2009,3,0.657,2
3/24/2009,NA,NA,2
3/25/2009,NA,NA,2
3/26/2009,1.67,0.365,2
3/27/2009,NA,NA,2
3/28/2009,NA,NA,2
3/29/2009,1.55,0.186,2
3/30/2009,NA,NA,2
3/31/2009,NA,NA,2
4/1/2009,1.71,0.517,2
4/2/2009,NA,NA,2
4/3/2009,NA,NA,2
4/4/2009,3.73,0.52,2
4/5/2009,NA,NA,2
4/6/2009,NA,NA,2
4/7/2009,1.43,0.517,2
4/8/2009,NA,NA,2
4/9/2009,NA,NA,2
4/10/2009,2.71,0.593,2
4/11/2009,NA,NA,2
4/12/2009,NA,NA,2
4/13/2009,NA,NA,2
4/14/2009,NA,NA,2
4/15/2009,NA,NA,2
4/16/2009,5.11,0.879,2
4/17/2009,NA,NA,2
4/18/2009,NA,NA,2
4/19/2009,2.07,0.556,2
4/20/2009,NA,NA,2
4/21/2009,NA,NA,2
4/22/2009,1.75,0.42,2
4/23/2009,NA,NA,2
4/24/2009,NA,NA,2
4/25/2009,2.34,0.467,2
4/26/2009,NA,NA,2
4/27/2009,NA,NA,2
4/28/2009,2.46,0.686,2
4/29/2009,NA,NA,2
4/30/2009,NA,NA,2
5/1/2009,NA,NA,2
5/2/2009,NA,NA,2
5/3/2009,NA,NA,2
5/4/2009,1.86,0.457,2
5/5/2009,NA,NA,2
5/6/2009,NA,NA,2
5/7/2009,3.3,0.827,2
5/8/2009,NA,NA,2
5/9/2009,NA,NA,2
5/10/2009,2.58,0.686,2
5/11/2009,NA,NA,2
5/12/2009,NA,NA,2
5/13/2009,4.65,0.405,2
5/14/2009,NA,NA,2
5/15/2009,NA,NA,2
5/16/2009,1.76,0.319,2
5/17/2009,NA,NA,2
5/18/2009,NA,NA,2
5/19/2009,2.18,0.333,2
5/20/2009,NA,NA,2
5/21/2009,NA,NA,2
5/22/2009,2.69,0.428,2
5/23/2009,NA,NA,2
5/24/2009,NA,NA,2
5/25/2009,1.43,0.147,2
5/26/2009,NA,NA,2
5/27/2009,NA,NA,2
5/28/2009,2.56,0.225,2
5/29/2009,NA,NA,2
5/30/2009,NA,NA,2
5/31/2009,2.48,0.292,2
6/1/2009,NA,NA,2
6/2/2009,NA,NA,2
6/3/2009,4.77,0.698,2
6/4/2009,NA,NA,2
6/5/2009,NA,NA,2
6/6/2009,5.02,0.768,2
6/7/2009,NA,NA,2
6/8/2009,NA,NA,2
6/9/2009,4.26,0.414,2
6/10/2009,NA,NA,2
6/11/2009,NA,NA,2
6/12/2009,NA,NA,2
6/13/2009,NA,NA,2
6/14/2009,NA,NA,2
6/15/2009,4.33,0.418,2
6/16/2009,NA,NA,2
6/17/2009,NA,NA,2
6/18/2009,4.56,0.423,2
6/19/2009,NA,NA,2
6/20/2009,NA,NA,2
6/21/2009,NA,0.231,2
6/22/2009,NA,NA,2
6/23/2009,NA,NA,2
6/24/2009,5.38,0.182,2
6/25/2009,NA,NA,2
6/26/2009,NA,NA,2
6/27/2009,8.32,0.41,2
6/28/2009,NA,NA,2
6/29/2009,NA,NA,2
6/30/2009,1.68,0.214,2
7/1/2009,NA,NA,2
7/2/2009,NA,NA,2
7/3/2009,2.57,0.252,2
7/4/2009,NA,NA,2
7/5/2009,NA,NA,2
7/6/2009,4.03,0.405,2
7/7/2009,NA,NA,2
7/8/2009,NA,NA,2
7/9/2009,5.3,0.397,2
7/10/2009,NA,NA,2
7/11/2009,NA,NA,2
7/12/2009,3.21,0.197,2
7/13/2009,NA,NA,2
7/14/2009,NA,NA,2
7/15/2009,5.71,0.297,2
7/16/2009,NA,NA,2
7/17/2009,NA,NA,2
7/18/2009,2.39,0.173,2
7/19/2009,NA,NA,2
7/20/2009,NA,NA,2
7/21/2009,4.01,0.377,2
7/22/2009,NA,NA,2
7/23/2009,NA,NA,2
7/24/2009,NA,NA,2
7/25/2009,NA,NA,2
7/26/2009,NA,NA,2
7/27/2009,NA,NA,2
7/28/2009,NA,NA,2
7/29/2009,NA,NA,2
7/30/2009,1.91,0.393,2
7/31/2009,NA,NA,2
8/1/2009,NA,NA,2
8/2/2009,1.53,0.248,2
8/3/2009,NA,NA,2
8/4/2009,NA,NA,2
8/5/2009,NA,NA,2
8/6/2009,NA,NA,2
8/7/2009,NA,NA,2
8/8/2009,4.56,0.381,2
8/9/2009,NA,NA,2
8/10/2009,NA,NA,2
8/11/2009,2.28,0.361,2
8/12/2009,NA,NA,2
8/13/2009,NA,NA,2
8/14/2009,7.09,0.35,2
8/15/2009,NA,NA,2
8/16/2009,NA,NA,2
8/17/2009,1.53,0.341,2
8/18/2009,NA,NA,2
8/19/2009,NA,NA,2
8/20/2009,2.03,0.209,2
8/21/2009,NA,NA,2
8/22/2009,NA,NA,2
8/23/2009,2.25,0.136,2
8/24/2009,NA,NA,2
8/25/2009,NA,NA,2
8/26/2009,4.1,0.363,2
8/27/2009,NA,NA,2
8/28/2009,NA,NA,2
8/29/2009,3.71,0.581,2
8/30/2009,NA,NA,2
8/31/2009,NA,NA,2
9/1/2009,5.03,0.344,2
9/2/2009,NA,NA,2
9/3/2009,NA,NA,2
9/4/2009,5.38,0.48,2
9/5/2009,NA,NA,2
9/6/2009,NA,NA,2
9/7/2009,6.5,0.355,2
9/8/2009,NA,NA,2
9/9/2009,NA,NA,2
9/10/2009,5.39,0.389,2
9/11/2009,NA,NA,2
9/12/2009,NA,NA,2
9/13/2009,6.23,0.459,2
9/14/2009,NA,NA,2
9/15/2009,NA,NA,2
9/16/2009,1.97,0.162,2
9/17/2009,NA,NA,2
9/18/2009,NA,NA,2
9/19/2009,1.3,0.134,2
9/20/2009,NA,NA,2
9/21/2009,NA,NA,2
9/22/2009,4.52,0.246,2
9/23/2009,NA,NA,2
9/24/2009,NA,NA,2
9/25/2009,2.11,0.38,2
9/26/2009,NA,NA,2
9/27/2009,NA,NA,2
9/28/2009,2.3,0.19,2
9/29/2009,NA,NA,2
9/30/2009,NA,NA,2
10/1/2009,2.46,0.382,2
10/2/2009,NA,NA,2
10/3/2009,NA,NA,2
10/4/2009,1.96,0.316,2
10/5/2009,NA,NA,2
10/6/2009,NA,NA,2
10/7/2009,1.3,0.175,2
10/8/2009,NA,NA,2
10/9/2009,NA,NA,2
10/10/2009,1.32,0.233,2
10/11/2009,NA,NA,2
10/12/2009,NA,NA,2
10/13/2009,3.51,0.334,2
10/14/2009,NA,NA,2
10/15/2009,NA,NA,2
10/16/2009,1.76,0.153,2
10/17/2009,NA,NA,2
10/18/2009,NA,NA,2
10/19/2009,2.46,0.615,2
10/20/2009,NA,NA,2
10/21/2009,NA,NA,2
10/22/2009,NA,NA,2
10/23/2009,1.02,0.227,2
10/24/2009,NA,NA,2
10/25/2009,1.54,0.349,2
10/26/2009,NA,NA,2
10/27/2009,NA,NA,2
10/28/2009,3.61,0.487,2
10/29/2009,NA,NA,2
10/30/2009,NA,NA,2
10/31/2009,0.692,0.217,2
11/1/2009,NA,NA,2
11/2/2009,NA,NA,2
11/3/2009,2.56,0.533,2
11/4/2009,NA,NA,2
11/5/2009,NA,NA,2
11/6/2009,2.04,0.562,2
11/7/2009,NA,NA,2
11/8/2009,NA,NA,2
11/9/2009,3.36,0.56,2
11/10/2009,NA,NA,2
11/11/2009,NA,NA,2
11/12/2009,0.954,0.225,2
11/13/2009,NA,NA,2
11/14/2009,NA,NA,2
11/15/2009,3.91,1.25,2
11/16/2009,NA,NA,2
11/17/2009,NA,NA,2
11/18/2009,1.56,0.619,2
11/19/2009,NA,NA,2
11/20/2009,NA,NA,2
11/21/2009,2.88,0.842,2
11/22/2009,NA,NA,2
11/23/2009,NA,NA,2
11/24/2009,3,0.454,2
11/25/2009,NA,NA,2
11/26/2009,NA,NA,2
11/27/2009,0.916,0.424,2
11/28/2009,NA,NA,2
11/29/2009,NA,NA,2
11/30/2009,2.45,1.25,2
12/1/2009,NA,NA,2
12/2/2009,NA,NA,2
12/3/2009,3.27,1.95,2
12/4/2009,NA,NA,2
12/5/2009,NA,NA,2
12/6/2009,2.98,2.1,2
12/7/2009,NA,NA,2
12/8/2009,NA,NA,2
12/9/2009,2.14,0.373,2
12/10/2009,NA,NA,2
12/11/2009,NA,NA,2
12/12/2009,0.879,0.952,2
12/13/2009,NA,NA,2
12/14/2009,NA,NA,2
12/15/2009,3.59,1.74,2
12/16/2009,NA,NA,2
12/17/2009,NA,NA,2
12/18/2009,1.11,0.665,2
12/19/2009,NA,NA,2
12/20/2009,NA,NA,2
12/21/2009,3.23,2.55,2
12/22/2009,NA,NA,2
12/23/2009,NA,NA,2
12/24/2009,2.57,0.485,2
12/25/2009,NA,NA,2
12/26/2009,NA,NA,2
12/27/2009,0.996,0.356,2
12/28/2009,NA,NA,2
12/29/2009,NA,NA,2
12/30/2009,2.26,0.804,2
12/31/2009,NA,NA,2
1/1/2010,NA,NA,2
1/2/2010,1.57,1.55,2
1/3/2010,NA,NA,2
1/4/2010,NA,NA,2
1/5/2010,1.22,2.3,2
1/6/2010,NA,NA,2
1/7/2010,NA,NA,2
1/8/2010,NA,NA,2
1/9/2010,NA,NA,2
1/10/2010,NA,NA,2
1/11/2010,NA,NA,2
1/12/2010,NA,NA,2
1/13/2010,NA,NA,2
1/14/2010,3.86,3.5,2
1/15/2010,NA,NA,2
1/16/2010,NA,NA,2
1/17/2010,0.852,0.465,2
1/18/2010,NA,NA,2
1/19/2010,NA,NA,2
1/20/2010,2.03,0.427,2
1/21/2010,NA,NA,2
1/22/2010,NA,NA,2
1/23/2010,3.66,1.02,2
1/24/2010,NA,NA,2
1/25/2010,NA,NA,2
1/26/2010,0.876,0.186,2
1/27/2010,NA,NA,2
1/28/2010,NA,NA,2
1/29/2010,2.31,1.93,2
1/30/2010,NA,NA,2
1/31/2010,NA,NA,2
2/1/2010,3.25,1.03,2
2/2/2010,NA,NA,2
2/3/2010,NA,NA,2
2/4/2010,4.02,1.98,2
2/5/2010,NA,NA,2
2/6/2010,NA,NA,2
2/7/2010,6.21,1.15,2
2/8/2010,NA,NA,2
2/9/2010,NA,NA,2
2/10/2010,3.52,1.86,2
2/11/2010,NA,NA,2
2/12/2010,NA,NA,2
2/13/2010,2.29,2.28,2
2/14/2010,NA,NA,2
2/15/2010,NA,NA,2
2/16/2010,1.83,0.905,2
2/17/2010,NA,NA,2
2/18/2010,NA,NA,2
2/19/2010,1.44,1.08,2
2/20/2010,NA,NA,2
2/21/2010,NA,NA,2
2/22/2010,1.45,0.821,2
2/23/2010,NA,NA,2
2/24/2010,NA,NA,2
2/25/2010,2.4,0.894,2
2/26/2010,NA,NA,2
2/27/2010,NA,NA,2
2/28/2010,1.32,1.64,2
3/1/2010,NA,NA,2
3/2/2010,NA,NA,2
3/3/2010,4.48,1.81,2
3/4/2010,NA,NA,2
3/5/2010,NA,NA,2
3/6/2010,1.53,1.81,2
3/7/2010,NA,NA,2
3/8/2010,NA,NA,2
3/9/2010,2.13,0.593,2
3/10/2010,NA,NA,2
3/11/2010,NA,NA,2
3/12/2010,1.23,0.203,2
3/13/2010,NA,NA,2
3/14/2010,NA,NA,2
3/15/2010,2.71,0.199,2
3/16/2010,NA,NA,2
3/17/2010,NA,NA,2
3/18/2010,4.38,2.84,2
3/19/2010,NA,NA,2
3/20/2010,NA,NA,2
3/21/2010,1.97,0.279,2
3/22/2010,NA,NA,2
3/23/2010,NA,NA,2
3/24/2010,5.2,0.97,2
3/25/2010,NA,NA,2
3/26/2010,NA,NA,2
3/27/2010,2.62,0.698,2
3/28/2010,NA,NA,2
3/29/2010,NA,NA,2
3/30/2010,3.04,0.502,2
3/31/2010,NA,NA,2
4/1/2010,NA,NA,2
4/2/2010,NA,0.415,2
4/3/2010,NA,NA,2
4/4/2010,NA,NA,2
4/5/2010,3.96,0.518,2
4/6/2010,NA,NA,2
4/7/2010,NA,NA,2
4/8/2010,1.77,0.192,2
4/9/2010,NA,NA,2
4/10/2010,NA,NA,2
4/11/2010,3.09,0.889,2
4/12/2010,NA,NA,2
4/13/2010,NA,NA,2
4/14/2010,4.09,0.878,2
4/15/2010,NA,NA,2
4/16/2010,NA,NA,2
4/17/2010,4.66,0.711,2
4/18/2010,NA,NA,2
4/19/2010,NA,NA,2
4/20/2010,2.4,0.707,2
4/21/2010,NA,NA,2
4/22/2010,NA,NA,2
4/23/2010,3.61,0.723,2
4/24/2010,NA,NA,2
4/25/2010,NA,NA,2
4/26/2010,1.55,0.211,2
4/27/2010,NA,NA,2
4/28/2010,NA,NA,2
4/29/2010,2.52,0.418,2
4/30/2010,NA,NA,2
5/1/2010,NA,NA,2
5/2/2010,2.72,0.47,2
5/3/2010,NA,NA,2
5/4/2010,NA,NA,2
5/5/2010,2.6,0.646,2
5/6/2010,NA,NA,2
5/7/2010,NA,NA,2
5/8/2010,2.67,0.205,2
5/9/2010,NA,NA,2
5/10/2010,NA,NA,2
5/11/2010,3.57,0.524,2
5/12/2010,NA,NA,2
5/13/2010,NA,NA,2
5/14/2010,NA,NA,2
5/15/2010,NA,NA,2
5/16/2010,NA,NA,2
5/17/2010,NA,NA,2
5/18/2010,NA,NA,2
5/19/2010,NA,NA,2
5/20/2010,NA,NA,2
5/21/2010,NA,NA,2
5/22/2010,NA,NA,2
5/23/2010,NA,NA,2
5/24/2010,NA,NA,2
5/25/2010,NA,NA,2
5/26/2010,NA,NA,2
5/27/2010,NA,NA,2
5/28/2010,NA,NA,2
5/29/2010,NA,NA,2
5/30/2010,NA,NA,2
5/31/2010,NA,NA,2
6/1/2010,NA,NA,2
6/2/2010,NA,NA,2
6/3/2010,NA,NA,2
6/4/2010,NA,NA,2
6/5/2010,NA,NA,2
6/6/2010,NA,NA,2
6/7/2010,NA,NA,2
6/8/2010,NA,NA,2
6/9/2010,NA,NA,2
6/10/2010,NA,NA,2
6/11/2010,NA,NA,2
6/12/2010,NA,NA,2
6/13/2010,NA,NA,2
6/14/2010,NA,NA,2
6/15/2010,NA,NA,2
6/16/2010,NA,NA,2
6/17/2010,NA,NA,2
6/18/2010,NA,NA,2
6/19/2010,NA,NA,2
6/20/2010,NA,NA,2
6/21/2010,NA,NA,2
6/22/2010,NA,NA,2
6/23/2010,NA,NA,2
6/24/2010,NA,NA,2
6/25/2010,NA,NA,2
6/26/2010,NA,NA,2
6/27/2010,NA,NA,2
6/28/2010,NA,NA,2
6/29/2010,NA,NA,2
6/30/2010,NA,NA,2
7/1/2010,NA,NA,2
7/2/2010,NA,NA,2
7/3/2010,NA,NA,2
7/4/2010,NA,NA,2
7/5/2010,NA,NA,2
7/6/2010,NA,NA,2
7/7/2010,NA,NA,2
7/8/2010,NA,NA,2
7/9/2010,NA,NA,2
7/10/2010,NA,NA,2
7/11/2010,NA,NA,2
7/12/2010,NA,NA,2
7/13/2010,NA,NA,2
7/14/2010,NA,NA,2
7/15/2010,NA,NA,2
7/16/2010,NA,NA,2
7/17/2010,NA,NA,2
7/18/2010,NA,NA,2
7/19/2010,NA,NA,2
7/20/2010,NA,NA,2
7/21/2010,NA,NA,2
7/22/2010,NA,NA,2
7/23/2010,NA,NA,2
7/24/2010,NA,NA,2
7/25/2010,NA,NA,2
7/26/2010,NA,NA,2
7/27/2010,NA,NA,2
7/28/2010,NA,NA,2
7/29/2010,NA,NA,2
7/30/2010,NA,NA,2
7/31/2010,NA,NA,2
8/1/2010,NA,NA,2
8/2/2010,NA,NA,2
8/3/2010,NA,NA,2
8/4/2010,NA,NA,2
8/5/2010,NA,NA,2
8/6/2010,NA,NA,2
8/7/2010,NA,NA,2
8/8/2010,NA,NA,2
8/9/2010,NA,NA,2
8/10/2010,NA,NA,2
8/11/2010,NA,NA,2
8/12/2010,NA,NA,2
8/13/2010,NA,NA,2
8/14/2010,NA,NA,2
8/15/2010,NA,NA,2
8/16/2010,NA,NA,2
8/17/2010,NA,NA,2
8/18/2010,NA,NA,2
8/19/2010,NA,NA,2
8/20/2010,NA,NA,2
8/21/2010,NA,NA,2
8/22/2010,NA,NA,2
8/23/2010,NA,NA,2
8/24/2010,NA,NA,2
8/25/2010,NA,NA,2
8/26/2010,NA,NA,2
8/27/2010,NA,NA,2
8/28/2010,NA,NA,2
8/29/2010,NA,NA,2
8/30/2010,NA,NA,2
8/31/2010,NA,NA,2
9/1/2010,NA,NA,2
9/2/2010,NA,NA,2
9/3/2010,NA,NA,2
9/4/2010,NA,NA,2
9/5/2010,NA,NA,2
9/6/2010,NA,NA,2
9/7/2010,NA,NA,2
9/8/2010,NA,NA,2
9/9/2010,NA,NA,2
9/10/2010,NA,NA,2
9/11/2010,NA,NA,2
9/12/2010,NA,NA,2
9/13/2010,NA,NA,2
9/14/2010,NA,NA,2
9/15/2010,NA,NA,2
9/16/2010,NA,NA,2
9/17/2010,NA,NA,2
9/18/2010,NA,NA,2
9/19/2010,NA,NA,2
9/20/2010,NA,NA,2
9/21/2010,NA,NA,2
9/22/2010,NA,NA,2
9/23/2010,NA,NA,2
9/24/2010,NA,NA,2
9/25/2010,NA,NA,2
9/26/2010,NA,NA,2
9/27/2010,NA,NA,2
9/28/2010,NA,NA,2
9/29/2010,NA,NA,2
9/30/2010,NA,NA,2
10/1/2010,NA,NA,2
10/2/2010,NA,NA,2
10/3/2010,NA,NA,2
10/4/2010,NA,NA,2
10/5/2010,NA,NA,2
10/6/2010,NA,NA,2
10/7/2010,NA,NA,2
10/8/2010,NA,NA,2
10/9/2010,NA,NA,2
10/10/2010,NA,NA,2
10/11/2010,NA,NA,2
10/12/2010,NA,NA,2
10/13/2010,NA,NA,2
10/14/2010,NA,NA,2
10/15/2010,NA,NA,2
10/16/2010,NA,NA,2
10/17/2010,NA,NA,2
10/18/2010,NA,NA,2
10/19/2010,NA,NA,2
10/20/2010,NA,NA,2
10/21/2010,NA,NA,2
10/22/2010,NA,NA,2
10/23/2010,NA,NA,2
10/24/2010,NA,NA,2
10/25/2010,NA,NA,2
10/26/2010,NA,NA,2
10/27/2010,NA,NA,2
10/28/2010,NA,NA,2
10/29/2010,NA,NA,2
10/30/2010,NA,NA,2
10/31/2010,NA,NA,2
11/1/2010,NA,NA,2
11/2/2010,NA,NA,2
11/3/2010,NA,NA,2
11/4/2010,NA,NA,2
11/5/2010,NA,NA,2
11/6/2010,NA,NA,2
11/7/2010,NA,NA,2
11/8/2010,NA,NA,2
11/9/2010,NA,NA,2
11/10/2010,NA,NA,2
11/11/2010,NA,NA,2
11/12/2010,NA,NA,2
11/13/2010,NA,NA,2
11/14/2010,NA,NA,2
11/15/2010,NA,NA,2
11/16/2010,NA,NA,2
11/17/2010,NA,NA,2
11/18/2010,NA,NA,2
11/19/2010,NA,NA,2
11/20/2010,NA,NA,2
11/21/2010,NA,NA,2
11/22/2010,NA,NA,2
11/23/2010,NA,NA,2
11/24/2010,NA,NA,2
11/25/2010,NA,NA,2
11/26/2010,NA,NA,2
11/27/2010,NA,NA,2
11/28/2010,NA,NA,2
11/29/2010,NA,NA,2
11/30/2010,NA,NA,2
12/1/2010,NA,NA,2
12/2/2010,NA,NA,2
12/3/2010,NA,NA,2
12/4/2010,NA,NA,2
12/5/2010,NA,NA,2
12/6/2010,NA,NA,2
12/7/2010,NA,NA,2
12/8/2010,NA,NA,2
12/9/2010,NA,NA,2
12/10/2010,NA,NA,2
12/11/2010,NA,NA,2
12/12/2010,NA,NA,2
12/13/2010,NA,NA,2
12/14/2010,NA,NA,2
12/15/2010,NA,NA,2
12/16/2010,NA,NA,2
12/17/2010,NA,NA,2
12/18/2010,NA,NA,2
12/19/2010,NA,NA,2
12/20/2010,NA,NA,2
12/21/2010,NA,NA,2
12/22/2010,NA,NA,2
12/23/2010,NA,NA,2
12/24/2010,NA,NA,2
12/25/2010,NA,NA,2
12/26/2010,NA,NA,2
12/27/2010,NA,NA,2
12/28/2010,NA,NA,2
12/29/2010,NA,NA,2
12/30/2010,NA,NA,2
12/31/2010,NA,NA,2
